file_name,x,y,c,n,price_price,price_weight,price_space,price_selected,price_time,price_price_ls,price_weight_ls,price_space_ls,price_selected_ls,price_time_ls,weight_price,weight_weight,weight_space,weight_selected,weight_time,weight_price_ls,weight_weight_ls,weight_space_ls,weight_selected_ls,weight_time_ls,side_linear_price,side_linear_weight,side_linear_space,side_linear_selected,side_linear_time,side_linear_price_ls,side_linear_weight_ls,side_linear_space_ls,side_linear_selected_ls,side_linear_time_ls,side_quad_price,side_quad_weight,side_quad_space,side_quad_selected,side_quad_time,side_quad_price_ls,side_quad_weight_ls,side_quad_space_ls,side_quad_selected_ls,side_quad_time_ls,combined_linear_price,combined_linear_weight,combined_linear_space,combined_linear_selected,combined_linear_time,combined_linear_price_ls,combined_linear_weight_ls,combined_linear_space_ls,combined_linear_selected_ls,combined_linear_time_ls,combined_quad_price,combined_quad_weight,combined_quad_space,combined_quad_selected,combined_quad_time,combined_quad_price_ls,combined_quad_weight_ls,combined_quad_space_ls,combined_quad_selected_ls,combined_quad_time_ls
side_sm_41.dat,10000,100,100,1000,1771,1174,9769,24,123.528,1771,1174,9769,103,126.95,1633,974,9739,8,141.976,2158,1964,9739,110,146.608,2914,2401,8195,16,1131.034,2914,2401,8195,192,1142.537,2940,2607,8262,14,1376.189,2940,2607,8262,206,1389.506,2086,1346,8356,11,500.67,2735,2779,8356,142,510.444,2629,1937,8387,14,1002.909,2955,2803,8387,182,1014.707
weight_sm_17.dat,10000,100,100,1000,3155,4459,9831,59,389.407,3155,4459,9831,181,397.755,2440,2574,9667,10,447.502,4446,9127,9667,164,457.135,4353,7006,8666,20,2418.239,4353,7006,8666,289,2438.116,4329,7374,8398,16,2920.144,4329,7374,8398,303,2942.771,2832,3382,8934,12,881.868,4981,9965,8934,195,895.483,3533,5170,8712,17,2022.119,5018,9329,8712,253,2041.198
side_lg_8.dat,10000,100,100,1000,1833,526,9729,21,135.843,1833,526,9729,112,140.008,1893,425,9683,15,136.29,2195,664,9683,116,140.715,2930,948,8382,15,1080.8,2930,948,8382,195,1093.749,2932,988,8266,12,1333.917,2932,988,8266,201,1347.826,2442,689,8852,11,619.004,2799,1016,8852,169,629.648,2582,742,8143,12,1353.511,2974,1052,8143,178,1366.91
weight_lg_15.dat,10000,100,100,1000,7554,10000,9259,256,1467.037,7554,10000,9259,416,1476.68,6694,7817,9461,30,2925.588,7684,10000,9461,460,2955.46,6933,10000,5652,412,1140.576,6933,10000,5652,412,1140.591,6024,10000,3605,408,1050.875,6024,10000,3605,408,1050.89,7293,9164,9369,32,4370.368,7591,10000,9369,499,4398.316,7495,9999,8934,31,2100.755,7495,9999,8934,521,2148.183
side_lg_43.dat,10000,100,100,1000,2016,612,9662,23,222.304,2016,612,9662,122,227.071,1369,300,9474,9,160.083,2009,736,9474,91,164.19,2769,931,8288,15,1028.677,2769,931,8288,182,1039.925,2814,1014,8308,12,1250.889,2814,1014,8308,198,1264.356,2229,606,8817,10,497.465,2738,1013,8817,150,505.849,2572,813,8479,12,1011.214,2994,1159,8479,184,1023.647
weight_lg_29.dat,10000,100,100,1000,7774,10000,9450,310,1502.161,7774,10000,9450,412,1518.549,7034,8055,9596,20,2957.886,7707,10000,9596,464,2980.251,6643,10000,4314,402,835.186,6643,10000,4314,402,835.203,5853,10000,2798,399,953.621,5853,10000,2798,399,953.636,7752,10000,9402,20,2381.899,7752,10000,9402,523,2402.142,7265,10000,7269,498,1305.113,7265,10000,7269,498,1305.13
weight_sm_8.dat,10000,100,100,1000,3420,5005,9752,38,388.271,3420,5005,9752,205,399.584,2913,3599,9820,10,399.37,5077,10000,9820,201,411.277,4555,7562,8684,21,2675.102,4555,7562,8684,302,2695.655,4500,7746,8308,16,3039.004,4500,7746,8308,308,3061.064,3088,3846,9130,9,1277.884,5008,10000,9130,210,1292.731,3716,5632,9035,12,2118.495,5194,10000,9035,267,2138.195
uniform_17.dat,10000,100,100,1000,2881,2097,9752,42,397.151,2881,2097,9752,170,406.552,2927,1831,9717,14,485.221,4271,4335,9717,198,499.373,4479,3841,8861,20,2557.56,4479,3841,8861,301,2578.791,4429,4013,8421,17,3148.718,4429,4013,8421,314,3173.03,3367,2086,9450,16,1129.07,4872,4990,9450,226,1144.124,3722,2728,8645,16,2184.593,4791,4933,8645,266,2208.19
uniform_16.dat,10000,100,100,1000,3096,2122,9692,43,428.264,3096,2122,9692,174,436.484,2769,1457,9762,12,396.57,4495,4443,9762,177,405.697,4490,3782,8815,26,2636.904,4490,3782,8815,296,2656.619,4450,3877,8478,19,3139.283,4450,3877,8478,307,3165.711,3475,2387,9247,15,1120.492,4846,4853,9247,237,1137.09,3803,2696,8880,18,2239.783,4913,4744,8880,261,2259.659
weight_sm_9.dat,10000,100,100,1000,3418,5136,9807,40,531.458,3418,5136,9807,205,546.962,2875,3359,9856,10,404.108,4826,9441,9856,196,414.616,4603,7805,9083,21,4258.07,4603,7805,9083,314,4280.726,4526,8016,8477,17,3906.756,4526,8016,8477,323,3932.96,3202,4185,8934,11,1076.098,5068,10000,8934,227,1092.974,3874,5873,8810,14,2249.559,5164,10000,8810,284,2271.611
weight_lg_28.dat,10000,100,100,1000,7369,10000,9432,252,1589.483,7369,10000,9432,408,1599.702,6517,7769,9403,32,2597.665,7484,10000,9403,452,2622.37,6798,10000,5673,410,890.697,6798,10000,5673,410,890.715,6090,10000,3923,414,1025.144,6090,10000,3923,414,1025.161,7290,9998,9166,35,4381.372,7290,9998,9166,522,4412.66,7381,10000,8768,33,2059.72,7381,10000,8768,517,2075.135
side_lg_42.dat,10000,100,100,1000,1729,465,9793,18,95.823,1729,465,9793,98,98.686,1640,357,9878,8,81.234,1956,616,9878,103,84.281,2892,936,8533,11,1062.458,2892,936,8533,190,1073.975,2884,984,8261,7,1543.743,2884,984,8261,198,1575.893,2331,612,8984,10,877.033,2829,1014,8984,158,885.959,2502,716,8031,8,1132.892,2908,1026,8031,173,1147.348
weight_lg_14.dat,10000,100,100,1000,7729,10000,9403,306,1254.441,7729,10000,9403,391,1258.444,7367,9264,9480,40,2847.427,7736,9999,9480,496,2875.162,6835,10000,4232,398,844.73,6835,10000,4232,398,844.745,6093,10000,2866,399,952.393,6093,10000,2866,399,952.408,8019,9997,9266,40,2141.669,8021,10000,9266,519,2160.339,7487,10000,7458,504,1406.394,7487,10000,7458,504,1406.412
side_lg_9.dat,10000,100,100,1000,2026,622,9162,21,228.796,2026,622,9162,126,235.778,1735,407,9740,9,123.248,2152,710,9740,109,127.057,2797,892,8485,12,1975.168,2797,892,8485,184,1999.018,2769,934,8175,10,1325.329,2769,934,8175,189,1337.941,2310,607,9023,8,468.778,2668,889,9023,150,477.012,2517,721,8093,10,1174.854,2781,919,8093,169,1191.801
weight_sm_16.dat,10000,100,100,1000,3363,4894,9805,45,434.271,3363,4894,9805,194,443.52,2745,3111,9798,12,404.349,4856,9970,9798,181,414.223,4565,7669,9092,26,2801.959,4565,7669,9092,302,2821.436,4435,7725,8159,23,3047.775,4435,7725,8159,307,3069.406,3510,4565,9429,15,1223.397,5126,9999,9429,240,1238.948,3801,5685,8589,15,2177.125,5094,9995,8589,272,2197.294
side_sm_40.dat,10000,100,100,1000,1785,1221,9869,20,89.26,1785,1221,9869,107,92.216,1696,1070,9653,8,156.035,2376,2060,9653,123,161.512,2836,2131,8362,13,1095.226,2836,2131,8362,193,1107.125,2855,2223,8446,10,1270.729,2855,2223,8446,200,1282.468,2199,1416,9226,11,352.545,2637,2289,9226,157,359.454,2497,1698,8001,12,1582.161,2756,2345,8001,180,1596.808
side_sm_42.dat,10000,100,100,1000,2168,1764,9656,21,209.496,2168,1764,9656,135,216.664,1646,1128,9885,9,116.141,2130,2172,9885,112,120.309,2896,2654,8709,12,997.209,2896,2654,8709,198,1010.528,2788,2637,7921,12,1657.27,2788,2637,7921,198,1673.667,2196,1604,8955,11,441.372,2816,2828,8955,152,450.861,2373,1832,8805,11,859.334,3181,3119,8805,169,869.706
weight_sm_14.dat,10000,100,100,1000,2693,4321,9705,47,423.003,2693,4321,9705,161,431.427,2247,3131,9821,8,387.629,4671,9999,9821,172,399.045,4084,7297,8784,16,3114.034,4084,7297,8784,282,3136.717,4109,7672,8764,14,3801.613,4109,7672,8764,298,3824.371,2579,3655,9326,10,799.304,4825,10000,9326,192,813.525,3039,4716,8993,10,1707.854,4820,10000,8993,231,1726.24
weight_sm_28.dat,10000,100,100,1000,3197,5187,9617,36,521.228,3197,5187,9617,208,540.326,2653,2664,9483,14,833.063,5184,9999,9483,184,847.579,4239,7287,8554,19,2416.687,4239,7287,8554,295,2443.615,4284,7671,8509,19,3886.379,4284,7671,8509,306,3909.306,2939,3606,9098,17,1113.458,5281,10000,9098,215,1132.813,3284,4565,9122,17,1829.933,5244,10000,9122,245,1853.108
weight_lg_8.dat,10000,100,100,1000,7680,10000,9521,291,1749.646,7680,10000,9521,414,1757.171,6818,8038,9454,36,2948.024,7754,10000,9454,469,2972.639,7024,10000,5771,410,896.25,7024,10000,5771,410,896.267,6474,10000,4408,422,1305.017,6474,10000,4408,422,1305.035,7243,9740,9118,37,5278.679,7406,9999,9118,524,5310.415,7447,9993,8624,36,2165.559,7450,10000,8624,523,2182.945
uniform_9.dat,10000,100,100,1000,3043,2345,9791,37,420.738,3043,2345,9791,186,432.671,2684,1368,9716,13,472.116,4940,4910,9716,177,483.467,4424,3868,8829,15,2905.41,4424,3868,8829,303,2933.73,4391,3976,8495,14,3996.406,4391,3976,8495,315,4020.844,3222,2310,9285,12,1080.945,5081,5476,9285,235,1097.456,3626,2740,8702,13,2184.822,5077,5212,8702,272,2211.712
weight_lg_16.dat,10000,100,100,1000,7325,10000,9367,269,1353.202,7325,10000,9367,397,1361.382,6763,8449,9615,31,2666.785,7235,9999,9615,462,2693.802,6821,10000,5513,405,906.712,6821,10000,5513,405,906.728,5982,10000,3646,395,924.939,5982,10000,3646,395,924.972,7279,9656,9409,30,4381.205,7353,10000,9409,495,4410.373,7276,9998,8527,55,1414.673,7278,10000,8527,497,1429.317
side_lg_40.dat,10000,100,100,1000,1740,527,9634,16,169.171,1740,527,9634,106,172.903,1745,457,9533,4,156.086,2111,813,9533,116,161.305,2875,1039,8627,7,1211.736,2875,1039,8627,201,1225.153,2806,1038,8036,3,1628.431,2806,1038,8036,202,1643.092,2277,690,8306,5,681.884,2674,1093,8306,163,693.781,2654,890,8301,7,1132.405,2890,1118,8301,197,1146.813
side_sm_8.dat,10000,100,100,1000,1926,1463,9720,17,147.455,1926,1463,9720,109,151.173,1224,736,9507,4,113.564,1729,1901,9507,80,117.144,2834,2424,8394,8,1076.038,2834,2424,8394,184,1086.606,2785,2525,8140,8,1550.438,2785,2525,8140,192,1565.093,2106,1507,9359,8,298.724,2519,2331,9359,138,304.004,2422,1932,8589,6,852.968,2980,3021,8589,168,863.07
uniform_28.dat,10000,100,100,1000,3454,2578,9598,39,559.577,3454,2578,9598,210,574.703,2713,1812,9828,27,571.088,4983,5354,9828,195,583.631,4558,3810,8829,24,2754.891,4558,3810,8829,300,2779.406,4570,4089,8646,20,4043.442,4570,4089,8646,324,4077.154,3528,2504,9167,16,1337.567,5510,5710,9167,255,1358.743,3832,2909,8635,17,3023.16,5085,5043,8635,278,3051.088
uniform_14.dat,10000,100,100,1000,3667,2653,9730,61,645.333,3667,2653,9730,213,656.754,3161,1823,9656,16,592.181,5878,5995,9656,213,604.129,4924,4314,8566,22,3306.33,4924,4314,8566,334,3330.923,4905,4408,8396,19,4250.125,4905,4408,8396,343,4276.631,3908,2720,9427,23,1709.815,6119,6027,9427,274,1729.257,4242,3316,8744,22,3527.461,5680,5394,8744,303,3551.602
uniform_15.dat,10000,100,100,1000,3049,2306,9719,48,466.09,3049,2306,9719,184,476.093,3019,1888,9628,8,699.684,4671,4898,9628,207,713.406,4539,3960,8641,13,2881.317,4539,3960,8641,316,2903.549,4519,4013,8428,12,4064.301,4519,4013,8428,323,4088.257,3330,2170,8876,9,1242.491,4799,4816,8876,230,1261.626,4151,3277,8841,11,2830.653,5078,5017,8841,300,2856.775
uniform_29.dat,10000,100,100,1000,3113,2117,9702,37,439.981,3113,2117,9702,177,448.235,2779,1644,9834,11,497.653,4725,4686,9834,187,509.549,4567,3747,8839,17,2921.83,4567,3747,8839,297,2942.76,4587,4071,8696,17,3927.416,4587,4071,8696,321,3950.742,3178,2223,9249,12,1214.783,5438,5902,9249,224,1229.767,3881,2763,8945,16,2502.308,5515,5494,8945,268,2520.267
side_sm_9.dat,10000,100,100,1000,1866,1549,9703,22,120.549,1866,1549,9703,118,125.106,2125,1481,9634,7,241.928,2762,2782,9634,143,249.566,2770,2388,8718,12,1098.577,2770,2388,8718,191,1109.423,2717,2441,8011,9,1348.913,2717,2441,8011,194,1364.284,2249,1776,9153,9,626.18,2559,2599,9153,164,683.205,2424,1929,8267,8,1197.872,2922,2922,8267,174,1211.928
side_lg_41.dat,10000,100,100,1000,1646,563,9562,20,182.001,1646,563,9562,109,188.567,1449,406,9736,7,152.336,1805,730,9736,104,157.229,2347,884,8457,9,922.916,2347,884,8457,167,933.191,2302,909,7906,8,1312.219,2302,909,7906,175,1331.86,1870,579,8927,6,556.469,2319,998,8927,141,568.155,2006,693,8143,7,1311.814,2446,1038,8143,158,1327.69
weight_lg_17.dat,10000,100,100,1000,7843,10000,9320,301,1443.08,7843,10000,9320,402,1447.658,7393,8859,9654,33,3492.82,7821,9999,9654,479,3528.281,6754,10000,4248,390,1000.058,6754,10000,4248,390,1000.076,6109,10000,2968,387,1090.917,6109,10000,2968,387,1090.935,7790,9915,9116,32,5361.209,7838,9999,9116,503,5391.185,7615,9999,7847,495,1614.08,7615,9999,7847,495,1614.113
uniform_8.dat,10000,100,100,1000,3315,2378,9811,59,460.188,3315,2378,9811,189,469.074,2686,1514,9511,12,556.588,4175,4560,9511,181,569.68,4334,3769,8777,21,3216.372,4334,3769,8777,300,3237.328,4356,3808,8718,20,4872.617,4356,3808,8718,308,4914.449,3133,2079,9327,15,1620.116,4336,4653,9327,219,1638.158,3600,2654,8837,18,2245.314,4699,4610,8837,260,2264.912
weight_lg_9.dat,10000,100,100,1000,7552,10000,9473,300,2267.125,7552,10000,9473,424,2279.131,6974,8725,9682,19,3874.937,7478,9999,9682,484,3902.896,6812,10000,5266,415,1008.281,6812,10000,5266,415,1008.297,6061,10000,3459,408,1125.695,6061,10000,3459,408,1125.712,7457,10000,9274,21,4664.488,7457,10000,9274,523,4700.978,7481,9993,8700,21,1964.62,7483,10000,8700,518,1978.066
weight_sm_29.dat,10000,100,100,1000,3403,5468,9541,34,622.026,3404,5455,9541,219,636.704,2930,3579,9732,9,477.326,4752,9997,9732,211,490.607,4473,7823,8650,24,2967.104,4473,7823,8650,315,2989.478,4390,8055,7985,21,3683.084,4390,8055,7985,324,3708.145,3198,4259,9083,13,1285.352,4859,9999,9083,234,1302.76,3795,5509,8789,17,2756.117,5110,9999,8789,276,2776.674
weight_sm_15.dat,10000,100,100,1000,3333,4880,9751,55,433.512,3333,4880,9751,195,446.479,2857,3085,9712,10,529.746,4773,9994,9712,194,544.778,4524,7481,8886,21,2641.075,4524,7481,8886,307,2665.415,4507,7524,8589,20,3129.065,4507,7524,8589,309,3151.058,3214,3952,9387,11,1032.561,4891,9996,9387,224,1048.64,3648,5032,8909,11,1864.755,5022,9995,8909,258,1883.629
side_sm_43.dat,10000,100,100,1000,2160,1660,9761,25,191.244,2160,1660,9761,132,198.93,1715,1020,9699,12,191.556,2418,2366,9699,120,196.933,2992,2711,8589,17,1115.388,2992,2711,8589,212,1127.779,2972,2819,8309,13,1567.828,2972,2819,8309,218,1582.495,2279,1864,9116,11,449.517,2795,2659,9116,172,459.571,2539,2056,8594,14,994.906,3112,3061,8594,192,1007.135
weight_sm_39.dat,10000,100,100,1000,3583,5430,9834,55,462.514,3583,5430,9834,216,474.28,2567,2852,9543,5,542.61,4987,10000,9543,182,555.567,4525,7533,8525,16,2905.33,4525,7533,8525,310,2927.328,4535,7903,8471,15,4123.055,4535,7903,8471,324,4148.123,3339,4664,9222,10,1172.809,4870,10000,9222,245,1194.869,3673,5455,8903,12,2266.274,4992,9998,8903,270,2291.211
side_sm_47.dat,10000,100,100,1000,2009,1404,9587,27,181.931,2009,1404,9587,117,186.074,1857,1089,9459,9,225.869,2301,1965,9459,125,232.583,3092,2338,8144,19,1387.732,3092,2338,8144,195,1399.255,3097,2441,8027,17,1809.919,3097,2441,8027,205,1825.265,2397,1446,9364,13,399.711,2885,2383,9364,156,405.892,2647,1764,8281,14,1238.154,3093,2610,8281,178,1254.856
weight_sm_11.dat,10000,100,100,1000,3056,4234,9718,42,445.679,3056,4234,9718,170,454.997,2817,3213,9696,15,477.959,4721,9998,9696,181,487.778,4320,7126,8528,23,2523.741,4320,7126,8528,279,2542.539,4413,7532,8767,22,3044.705,4413,7532,8767,295,3065.107,3291,4211,9530,16,986.033,5106,10000,9530,219,998.444,3504,4930,8962,17,1863.494,5065,10000,8962,241,1879.856
weight_lg_13.dat,10000,100,100,1000,7667,9999,9582,287,1782.903,7667,9999,9582,401,1789.899,6970,9159,9572,23,2771.755,7317,9998,9572,486,2803.942,6716,10000,4670,398,933.773,6716,10000,4670,398,933.788,5880,10000,2918,393,973.073,5880,10000,2918,393,973.089,7488,9992,9087,24,2706.198,7490,10000,9087,514,2729.857,7280,9999,7800,500,1539.732,7280,9999,7800,500,1539.749
side_lg_45.dat,10000,100,100,1000,1548,470,9775,21,113.673,1548,470,9775,93,116.819,1407,336,9671,9,305.705,1705,620,9671,95,310.249,2481,845,8420,12,927.223,2481,845,8420,169,937.353,2483,911,8332,11,1257.955,2483,911,8332,180,1269.856,2027,580,8636,10,563.47,2402,890,8636,142,572.274,2254,725,8604,9,936.255,2590,1019,8604,167,947.039
uniform_11.dat,10000,100,100,1000,3075,2333,9773,46,402.581,3075,2333,9773,184,415.121,2508,1442,9732,14,454.003,4061,4364,9732,173,465.792,4305,3485,8478,28,2757.434,4305,3485,8478,287,2776.8,4296,3739,8055,24,3599.254,4296,3739,8055,305,3623.439,3517,2326,9392,20,1306.12,4747,4852,9392,245,1326.724,3526,2571,8641,20,2086.905,4744,4849,8641,258,2146.182
uniform_39.dat,10000,100,100,1000,3018,2222,9782,36,701.717,3018,2222,9782,179,715.624,2729,1476,9712,13,618.503,4405,4314,9712,180,629.404,4219,3570,8630,22,2741.293,4219,3570,8630,281,2760.477,4192,3863,8219,20,2983.732,4192,3863,8219,303,3006.311,3091,2095,9127,15,1278.732,4441,4547,9127,216,1294.081,3661,2775,8614,21,2813.033,4338,4295,8614,259,2832.346
uniform_38.dat,10000,100,100,1000,3440,2508,9715,41,467.225,3440,2508,9715,197,476.899,2819,1625,9689,19,460.082,4304,4594,9689,188,472.256,4423,3681,8909,22,2469.521,4423,3681,8909,294,2489.804,4311,3778,8225,20,3105.081,4311,3778,8225,300,3127.676,3418,2301,9363,20,1096.038,4660,4964,9363,233,1112.892,3578,2523,8903,22,1899.57,4654,4817,8903,246,1918.525
uniform_10.dat,10000,100,100,1000,3405,2463,9751,37,404.839,3405,2463,9751,190,413.062,3043,1681,9793,13,407.441,4375,4092,9793,191,417.083,4893,4101,8960,19,2966.696,4893,4101,8960,322,2987.376,4800,4289,8354,15,3658.063,4800,4289,8354,331,3681.288,3545,2257,9629,15,1264.889,4730,4351,9629,234,1286.159,4321,3273,9055,16,2897.745,4990,4774,9055,297,2918.486
side_lg_44.dat,10000,100,100,1000,1906,585,9806,21,94.894,1906,585,9806,107,97.305,2030,553,9726,12,159.765,2479,905,9726,132,164.823,3037,1050,8802,13,978.756,3037,1050,8802,203,989.243,3001,1077,8463,12,1272.066,3001,1077,8463,207,1284.177,2552,754,8933,12,555.779,2818,1005,8933,169,564.339,2720,864,8613,11,995.23,2976,1106,8613,186,1005.858
weight_lg_12.dat,10000,100,100,1000,7450,10000,9310,299,1146.204,7450,10000,9310,399,1151.147,7145,9052,9796,30,2513.426,7309,9999,9796,484,2538.803,6660,10000,4958,397,850.921,6660,10000,4958,397,850.936,5802,10000,3050,398,888.485,5802,10000,3050,398,888.501,7503,10000,9299,31,2446.9,7503,10000,9299,509,2468.274,7196,10000,7855,496,1320.496,7196,10000,7855,496,1320.514
weight_sm_10.dat,10000,100,100,1000,2898,4209,9644,34,446.886,2898,4209,9644,174,457.351,2582,3331,9642,7,475.937,4577,9998,9642,187,490.036,4333,6985,8675,15,2491.864,4333,6985,8675,287,2510.825,4296,7430,8303,13,2936.209,4296,7430,8303,302,2958.612,2972,3656,9238,10,878.145,4755,9588,9238,209,893.414,3385,4790,8538,10,1663.251,4843,9466,8538,245,1681.539
side_sm_46.dat,10000,100,100,1000,1515,1027,9726,19,101.899,1515,1027,9726,91,104.69,1548,911,9571,10,167.296,2363,2201,9571,110,172.361,2593,2100,8333,12,978.465,2593,2100,8333,178,989.797,2499,2163,7618,11,1408.514,2499,2163,7618,181,1423.243,1914,1126,9292,14,312.691,2774,2400,9292,135,318.086,2176,1421,8711,13,723.032,2977,2674,8711,158,732.26
weight_sm_38.dat,10000,100,100,1000,3626,5918,9818,47,474.079,3626,5918,9818,223,486.817,2733,3541,9442,14,511.443,4651,9873,9442,190,524.18,4607,7644,9246,31,2663.992,4607,7644,9246,303,2682.998,4525,7985,8531,27,3169.669,4525,7985,8531,314,3191.545,3414,4527,9383,21,1004.205,5009,9886,9383,233,1019.439,3708,5583,8590,20,2132.328,5051,9703,8590,264,2150.65
side_sm_44.dat,10000,100,100,1000,1655,1142,9773,15,121.222,1655,1142,9773,97,124.654,1781,1080,9711,6,165.233,2234,2175,9711,119,171.174,2829,2334,8501,5,1034.887,2829,2334,8501,190,1047.085,2807,2434,8165,4,1263.166,2807,2434,8165,198,1277.145,2257,1583,9175,4,428.065,2676,2583,9175,160,437.045,2415,1657,8603,5,870.529,2762,2548,8603,168,881.145
weight_sm_12.dat,10000,100,100,1000,3320,4546,9648,54,450.936,3320,4546,9648,189,460.058,2807,3245,9772,9,471.513,4722,9117,9772,191,482.187,4571,7032,8622,18,2979.872,4571,7032,8622,296,2997.832,4523,7451,8352,14,3175.823,4523,7451,8352,317,3198.326,3656,4849,9266,11,1251.982,5142,10000,9266,253,1269.987,3828,5536,9068,12,2406.429,5213,9996,9068,275,2426.614
weight_lg_38.dat,10000,100,100,1000,7606,10000,9300,252,1342.55,7606,10000,9300,416,1352.531,6919,8601,9627,31,4276.581,7524,10000,9627,492,4305.129,7056,10000,6035,422,2598.671,7056,10000,6035,422,2598.688,6270,10000,4102,421,1211.694,6270,10000,4102,421,1211.718,7323,9955,9492,34,4934.552,8092,9999,9492,534,4968.105,7446,9991,8727,32,3218.793,7451,9999,8727,528,3239.051
weight_lg_10.dat,10000,100,100,1000,7410,10000,9441,275,2822.025,7410,10000,9441,392,2945.178,7025,9210,9489,25,3816.307,7380,9999,9489,505,3858.631,6628,10000,4524,404,1143.353,6628,10000,4524,404,1143.372,5798,10000,2774,402,1196.675,5798,10000,2774,402,1196.696,7670,9994,9251,28,2912.9,7672,10000,9251,522,2933.863,7001,10000,6733,498,1357.595,7001,10000,6733,498,1357.613
side_lg_46.dat,10000,100,100,1000,1634,509,9809,11,101.566,1634,509,9809,107,105.458,1670,375,9726,5,150.579,2196,867,9726,115,155.414,2785,980,8873,6,900.014,2785,980,8873,195,909.653,2742,1031,8426,4,1312.89,2742,1031,8426,205,1326.224,2347,773,8953,5,589.925,2674,1065,8953,178,600.782,2458,822,8508,4,1205.648,2757,1100,8508,188,1218.163
uniform_12.dat,10000,100,100,1000,2891,2163,9669,37,421.027,2891,2163,9669,167,429.359,2749,1746,9718,7,484.282,4572,4690,9718,190,496.442,4343,3765,8967,17,2843.591,4343,3765,8967,300,2869.467,4302,4007,8710,12,3540.425,4302,4007,8710,321,3566.325,3302,2675,9161,10,1293.136,4882,5219,9161,254,1318.153,3597,2871,8799,10,2501.959,4975,5187,8799,273,2525.67
uniform_13.dat,10000,100,100,1000,2896,2165,9871,36,293.27,2896,2165,9871,170,301.516,2618,1502,9789,11,403.326,4286,4157,9789,175,413.781,4447,3670,8910,15,2640.98,4447,3670,8910,297,2661.262,4412,3950,8712,13,3159.124,4412,3950,8712,317,3184.478,3351,2293,9360,15,1030.941,4440,4539,9360,229,1047.383,3830,2841,9130,15,2891.846,4866,4474,9130,270,2922.549
side_lg_47.dat,10000,100,100,1000,1407,401,9672,18,81.918,1407,401,9672,81,84.09,1451,339,9635,6,130.838,1949,713,9635,99,134.774,2654,866,8526,8,927.284,2654,866,8526,177,937.626,2645,921,8441,8,1182.657,2645,921,8441,189,1195.072,2163,586,8515,9,601.799,2548,919,8515,148,611.015,2331,687,7952,6,1052.17,2757,989,7952,168,1066.274
weight_lg_11.dat,10000,100,100,1000,7583,10000,9372,285,1427.178,7583,10000,9372,409,1434.461,7154,9030,9502,28,2639.848,7431,10000,9502,496,2668.292,6940,10000,5588,410,895.408,6940,10000,5588,410,895.424,6295,10000,3985,420,1690.585,6295,10000,3985,420,1690.603,7385,9972,9137,26,4488.243,7401,9999,9137,525,4523.094,7446,9997,8647,513,2213.21,7446,9997,8647,522,2213.695
weight_lg_39.dat,10000,100,100,1000,7744,10000,9167,316,1402.374,7744,10000,9167,405,1407.223,6984,8310,9348,25,3114.51,7595,9998,9348,472,3140.208,7160,10000,5488,417,974.275,7160,10000,5488,417,974.291,6191,10000,3463,412,1046.333,6191,10000,3463,412,1046.35,7796,9994,9109,27,3679.82,7797,9999,9109,519,3712.936,7560,10000,7875,507,1457.749,7560,10000,7875,507,1457.766
weight_sm_13.dat,10000,100,100,1000,3091,4530,9663,37,439.038,3091,4530,9663,185,450.019,3100,3387,9813,16,383.024,4877,9655,9813,205,393.758,4726,7621,8514,18,2895.989,4726,7621,8514,314,2917.225,4756,7929,8543,16,3862.64,4756,7929,8543,325,3888.438,3486,4480,8763,17,1254.386,5091,10000,8763,242,1272.069,3839,5068,8752,15,2087.709,5301,10000,8752,270,2108.563
side_sm_45.dat,10000,100,100,1000,1880,1362,9785,20,118.207,1880,1362,9785,113,121.634,1602,1065,9566,6,161.837,2112,1986,9566,114,167.633,2925,2349,8772,11,980.949,2925,2349,8772,197,991.118,2870,2447,8177,8,1578.588,2870,2447,8177,203,1593.257,2164,1452,8975,6,482.55,2847,2813,8975,155,491.471,2547,1853,7806,7,1275.794,2976,2718,7806,183,1290.923
side_sm_22.dat,10000,100,100,1000,1723,1278,9743,22,105.348,1723,1278,9743,104,108.778,1674,1041,9775,9,122.424,2084,1886,9775,111,126.776,2849,2465,8478,13,1065.611,2849,2465,8478,193,1077.778,2815,2605,8045,9,1468.003,2815,2605,8045,204,1484.686,2189,1530,9123,11,370.909,2711,2560,9123,153,378.604,2453,1986,8577,10,878.676,2801,2632,8577,179,890.695
side_sm_36.dat,10000,100,100,1000,1831,1457,9743,19,134.059,1831,1457,9743,115,138.431,1817,1334,9780,8,157.909,2491,2542,9780,130,164.026,2797,2512,8726,9,1022.777,2797,2512,8726,197,1034.607,2730,2524,7974,8,1445.231,2730,2524,7974,199,1461.045,1975,1547,8671,8,545.569,2552,2765,8671,147,556.949,2307,1909,8302,7,993.366,2751,2875,8302,175,1007.541
weight_sm_48.dat,10000,100,100,1000,3429,4524,9623,69,539.741,3429,4524,9623,194,548.782,2895,2961,9757,21,434.55,4598,8640,9757,188,444.349,4545,7309,8563,27,2786.606,4545,7309,8563,301,2806.282,4557,7763,8599,25,3528.596,4557,7763,8599,319,3551.864,3493,4263,9330,25,1351.677,5036,9998,9330,235,1393.131,3651,5324,8647,24,2025.762,4971,10000,8647,262,2044.77
side_lg_34.dat,10000,100,100,1000,1593,457,9825,10,128.871,1593,457,9825,94,131.709,1635,396,9796,9,138.409,1836,598,9796,107,142.378,2789,952,8238,8,1594.25,2789,952,8238,187,1607.422,2746,984,7691,4,1962.126,2746,984,7691,193,1980.739,2276,667,8667,6,729.313,2766,1065,8667,162,741.593,2508,767,8486,5,1183.74,2845,1060,8486,176,1194.235
side_lg_20.dat,10000,100,100,1000,1781,571,9787,16,132.054,1781,571,9787,110,136.355,1533,367,9799,9,107.764,1797,642,9799,100,111.514,2706,938,8482,10,1024.311,2706,938,8482,185,1037.012,2609,987,7899,7,1901.761,2609,987,7899,192,1917.676,2353,755,8861,9,937.643,2584,964,8861,165,951.114,2402,753,8407,8,1127.393,2690,996,8407,172,1143.326
uniform_48.dat,10000,100,100,1000,2774,1842,9703,35,404.293,2775,1851,9703,151,410.434,2479,1177,9647,4,615.613,4923,5038,9647,164,640.697,4492,3571,8637,15,3186.264,4492,3571,8637,284,3205.123,4487,3761,8467,13,4206.102,4487,3761,8467,305,4232.278,3227,2141,9158,6,1480.032,5121,5532,9158,228,1497.686,3755,2571,8560,10,3653.521,5333,5418,8560,261,3676.291
uniform_49.dat,10000,100,100,1000,3536,2627,9715,32,998.708,3536,2627,9715,204,1016.629,3041,1816,9708,12,556.509,5165,5336,9708,202,569.12,4775,3975,8644,16,5493.197,4775,3975,8644,311,5514.869,4768,4146,8427,13,3707.276,4768,4146,8427,328,3737.655,3419,2272,9289,11,1657.448,5537,5653,9289,236,1674.235,4064,3073,8353,11,2445.689,5381,5145,8353,290,2467.423
side_lg_21.dat,10000,100,100,1000,1335,425,9797,15,95.77,1335,425,9797,81,98.416,1426,363,9757,9,141.732,1890,719,9757,98,147.585,2634,912,8252,6,1010.642,2634,912,8252,177,1022.422,2645,957,8206,5,1197.366,2645,957,8206,186,1210.231,2097,584,9089,7,411.728,2466,904,9089,142,418.683,2396,749,8421,6,882.446,2649,1006,8421,169,893.45
side_lg_35.dat,10000,100,100,1000,1847,614,9789,23,120.765,1847,614,9789,114,125.108,1812,502,9813,11,136.123,2109,765,9813,118,140.913,2784,970,8359,11,967.061,2784,970,8359,184,978.567,2792,1007,8306,9,1403.295,2792,1007,8306,190,1416.018,2214,631,8843,12,477.549,2720,981,8843,150,485.805,2499,817,8561,9,859.151,2936,1126,8561,176,870.341
weight_sm_49.dat,10000,100,100,1000,3653,5016,9767,48,488.814,3653,5016,9767,204,498.965,3113,3067,9656,15,506.141,5052,10000,9656,196,516.693,4876,7709,8865,31,2904.734,4876,7709,8865,306,2925.059,4796,7914,8403,23,3347.783,4796,7914,8403,317,3369.398,3697,4938,9199,16,1246.685,5169,9999,9199,249,1263.056,4119,5909,9024,18,2847.995,5431,10000,9024,286,2867.753
side_sm_37.dat,10000,100,100,1000,1775,1384,9608,20,140.986,1775,1384,9608,107,144.891,1523,900,9692,7,133.114,2106,2129,9692,102,137.267,2742,2349,8954,11,743.262,2742,2349,8954,183,751.617,2699,2444,8334,8,1180.458,2699,2444,8334,190,1193.444,1820,1274,8805,9,437.554,2281,2352,8805,129,446.459,2233,1611,8418,9,1244.701,2844,2868,8418,160,1255.5
side_sm_23.dat,10000,100,100,1000,1548,1291,9766,20,110.877,1548,1291,9766,99,114.817,1620,856,9738,8,154.655,2388,2265,9738,111,159.375,2509,2038,8217,15,964.469,2509,2038,8217,165,974.721,2509,2158,8102,13,1340.198,2509,2158,8102,175,1383.999,1944,1371,9271,9,1020.017,2585,2680,9271,142,1029.981,2053,1511,8495,8,736.522,2632,2622,8495,152,746.768
side_sm_35.dat,10000,100,100,1000,1912,1205,9638,26,151.057,1912,1205,9638,108,155.47,1579,862,9688,8,127.568,2286,1832,9688,105,131.927,2944,2209,8193,20,1158.493,2944,2209,8193,189,1170.298,2929,2305,7988,17,1452.161,2929,2305,7988,197,1465.746,2291,1486,8785,14,488.341,2817,2469,8785,159,498.025,2674,1835,8531,16,980.011,3078,2689,8531,185,991.89
side_sm_21.dat,10000,100,100,1000,1680,1465,9647,20,126.232,1680,1465,9647,106,130.151,1631,1365,9700,6,165.506,1989,2240,9700,119,172.04,2604,2326,8163,10,1003.2,2604,2326,8163,176,1014.206,2587,2600,8154,9,1283.576,2587,2600,8154,193,1297.388,1784,1436,8824,7,341.37,2243,2360,8824,129,348.962,2311,2010,8670,9,746.414,2775,2920,8670,173,757.681
side_lg_23.dat,10000,100,100,1000,1739,546,9782,19,141.352,1739,546,9782,108,145.375,1223,268,9861,10,66.255,1638,554,9861,77,68.318,2470,869,8357,10,901.277,2470,869,8357,171,912.653,2368,847,7364,10,1221.225,2368,847,7364,166,1234.73,1902,526,8773,13,451.347,2337,848,8773,135,459.686,2079,620,8423,13,788.963,2420,878,8423,150,799.202
side_lg_37.dat,10000,100,100,1000,1587,413,9607,18,126.475,1587,413,9607,88,129.076,1738,343,9589,10,153.168,2165,720,9589,105,156.921,2995,918,8381,12,1192.642,2995,918,8381,196,1204.725,2993,949,8139,10,1413.378,2993,949,8139,200,1428.176,2338,552,8850,10,559.218,2877,973,8850,149,566.868,2783,789,8383,9,1103.697,3117,1062,8383,187,1115.849
weight_lg_49.dat,10000,100,100,1000,7396,10000,9324,265,1670.468,7396,10000,9324,400,1678.232,6643,8096,9412,26,2580.766,7373,9999,9412,463,2607.711,6762,10000,5111,408,931.92,6762,10000,5111,408,931.936,6020,10000,3440,404,1138.784,6020,10000,3440,404,1138.8,7484,9985,9242,28,4075.437,7536,9992,9242,514,4103.594,7362,10000,8474,510,1385.406,7362,10000,8474,510,1385.424
weight_lg_48.dat,10000,100,100,1000,7395,10000,9383,270,1466.916,7395,10000,9383,399,1473.862,6723,8549,9576,35,2553.678,7292,10000,9576,462,2578.423,6746,10000,5303,404,825.418,6746,10000,5303,404,825.434,5756,10000,3237,392,860.042,5756,10000,3237,392,860.058,7471,9979,9377,36,2949.143,7491,9999,9377,505,2972.217,7177,10000,8048,494,1540.948,7177,10000,8048,494,1540.966
side_lg_36.dat,10000,100,100,1000,1973,625,9699,21,163.996,1973,625,9699,126,169.412,1612,436,9725,8,169.391,2025,779,9725,116,175.15,2756,966,8286,12,1170.239,2756,966,8286,198,1184.185,2686,957,7762,11,1597.934,2686,957,7762,202,1615.274,2175,615,8966,8,504.271,2832,1128,8966,162,513.495,2404,767,8433,8,1086.261,2899,1118,8433,186,1099.877
side_lg_22.dat,10000,100,100,1000,1700,486,9734,21,113.394,1700,486,9734,99,116.559,1695,409,9791,10,119.066,2081,726,9791,108,122.807,3031,1029,8601,11,1116.583,3031,1029,8601,203,1129.261,3036,1069,8600,9,1302.142,3036,1069,8600,213,1315.538,2557,703,9221,13,490.681,2985,1078,9221,173,498.947,2693,846,8188,10,1200.288,3007,1122,8188,194,1215.247
side_sm_20.dat,10000,100,100,1000,1924,1631,9566,24,163.229,1924,1631,9566,123,168.546,1539,1251,9726,7,123.081,2015,2097,9726,118,129.374,2791,2677,8636,18,974.77,2791,2677,8636,198,986.275,2812,2758,8573,13,1155.638,2812,2758,8573,207,1167.709,2015,1661,9070,9,409.808,2558,2656,9070,156,419.342,2322,1960,8254,9,1034.256,2847,2875,8254,181,1048.261
side_sm_34.dat,10000,100,100,1000,1717,1203,9648,19,122.195,1717,1203,9648,103,125.81,1621,881,9720,4,138.934,2472,2166,9720,109,143.005,2619,2169,8727,11,774.033,2619,2169,8727,170,782.404,2589,2231,8274,10,1084.473,2589,2231,8274,175,1095.344,2046,1347,8448,9,497.406,2838,2590,8448,142,506.687,2227,1570,8315,9,812.504,3017,2751,8315,158,823.288
side_sm_18.dat,10000,100,100,1000,1489,966,9716,24,100.817,1489,966,9716,91,103.67,1622,912,9786,10,133.502,2025,1688,9786,111,137.626,2899,2321,8677,16,980.481,2899,2321,8677,198,991.559,2888,2311,8496,15,1213.804,2888,2311,8496,199,1225.612,2020,1229,8909,12,431.124,2638,2482,8909,141,439.47,2607,1816,8802,15,841.441,2892,2536,8802,182,851.314
side_sm_30.dat,10000,100,100,1000,1364,1154,9700,17,100.072,1364,1154,9700,86,103.276,1411,982,9668,8,135.51,2174,2213,9668,102,140.233,2572,2352,8367,13,996.198,2572,2352,8367,180,1009.275,2518,2431,7870,10,1281.455,2518,2431,7870,186,1297.776,1783,1276,8911,10,342.829,2629,2778,8911,130,351.065,2151,1725,8024,9,962.709,2889,3074,8024,161,977.067
side_sm_24.dat,10000,100,100,1000,1903,1561,9496,20,201.51,1903,1561,9496,132,208.988,1865,1044,9583,8,184.056,2512,2267,9583,131,189.638,2818,2493,8822,14,999.52,2818,2493,8822,205,1011.999,2790,2555,8425,12,1344.674,2790,2555,8425,210,1358.666,2242,1457,8424,10,610.242,2900,2634,8424,163,621.075,2434,1776,8792,12,809.514,2906,2745,8792,183,820.305
side_lg_26.dat,10000,100,100,1000,1537,378,9775,19,92.428,1537,378,9775,86,94.838,1648,327,9734,12,140.387,2047,633,9734,103,144.318,2664,834,8322,11,999.103,2664,834,8322,176,1014.043,2616,842,7921,11,1266.014,2616,842,7921,182,1280.075,2185,581,8999,14,480.381,2605,919,8999,152,488.764,2399,691,8114,11,1063.901,2733,979,8114,171,1077.245
side_lg_32.dat,10000,100,100,1000,1567,501,9871,12,79.91,1567,501,9871,91,82.138,1408,312,9692,8,107.268,1803,680,9692,88,110.243,2770,941,8606,4,934.498,2770,941,8606,182,944.769,2708,942,8046,3,1299.238,2708,942,8046,185,1311.939,2090,568,8953,5,447.269,2586,1024,8953,139,454.622,2403,753,7910,4,1094.639,2768,1014,7910,170,1108.093
side_lg_33.dat,10000,100,100,1000,2201,724,9745,23,162.407,2201,724,9745,135,167.577,1662,458,9687,11,139.248,2109,790,9687,111,143.943,2888,996,8572,17,1037.038,2888,996,8572,195,1048.588,2845,1011,8131,15,1340.054,2845,1011,8131,197,1353.701,2249,720,8780,11,588.496,2670,1005,8780,163,599.342,2617,856,8463,11,1036.652,2894,1039,8463,183,1048.347
side_lg_27.dat,10000,100,100,1000,1862,557,9694,28,142.226,1862,557,9694,109,146.149,1646,467,9410,10,170.394,1766,624,9410,112,176.725,2753,947,8370,19,1050.051,2753,947,8370,187,1062.122,2700,991,8066,17,1366.901,2700,991,8066,195,1381.543,2345,670,8732,13,544.858,2574,886,8732,159,554.152,2492,780,8560,14,923.744,2808,1053,8560,180,935.404
side_sm_25.dat,10000,100,100,1000,2011,1475,9609,18,200.856,2011,1475,9609,126,207.165,1663,981,9676,7,156.768,2018,1838,9676,114,161.247,2621,2140,8626,13,925.914,2621,2140,8626,180,936.653,2590,2176,8253,12,1183.778,2590,2176,8253,184,1195.833,1963,1290,8786,8,453.977,2583,2390,8786,140,463.092,2278,1619,8515,9,858.876,2761,2645,8515,167,870.102
side_sm_31.dat,10000,100,100,1000,1770,1301,9787,16,109.63,1770,1301,9787,105,112.96,1740,1114,9673,8,156.84,2118,1892,9673,117,162.175,2882,2567,8042,12,1293.584,2882,2567,8042,198,1307.874,2914,2708,8220,12,1542.951,2914,2708,8220,208,1557.799,2214,1532,9214,10,360.934,2771,2600,9214,153,368.376,2418,1914,8519,9,938.185,3049,3052,8519,178,950.636
side_sm_19.dat,10000,100,100,1000,1656,1203,9774,19,109.059,1656,1203,9774,95,111.974,1578,794,9775,9,102.955,2148,1874,9775,95,105.685,2897,2315,8466,10,1078.388,2897,2315,8466,189,1089.561,2932,2552,8543,8,1242.484,2932,2552,8543,205,1256.134,2208,1404,9124,10,373.771,2702,2447,9124,144,380.782,2491,1785,8666,9,773.901,2883,2646,8666,169,783.969
side_sm_27.dat,10000,100,100,1000,1889,1462,9884,16,82.817,1889,1462,9884,111,85.507,2099,1440,9661,8,186.751,2497,2272,9661,138,193.068,3043,2653,8377,9,1182.669,3043,2653,8377,202,1194.691,3008,2745,8132,8,1518.391,3008,2745,8132,210,1533.182,2567,1857,9303,8,406.601,2867,2605,9303,172,413.81,2747,2198,8212,8,1148.984,3031,2825,8212,192,1162.549
side_sm_33.dat,10000,100,100,1000,2030,1540,9707,22,152.896,2030,1540,9707,128,158.122,1615,888,9708,11,142.806,1972,1649,9708,108,147.231,2831,2516,8637,12,982.732,2831,2516,8637,200,995.504,2756,2472,7919,12,1476.246,2756,2472,7919,197,1491.441,2352,1817,9156,10,448.894,2732,2597,9156,171,457.923,2453,1988,8174,11,952.588,2697,2494,8174,180,966.046
side_lg_19.dat,10000,100,100,1000,1742,586,9763,18,112.331,1742,586,9763,111,116.112,1866,553,9657,10,162.349,2199,837,9657,129,168.165,2752,983,8373,9,1066.106,2752,983,8373,190,1077.989,2719,1056,8008,7,1478.069,2719,1056,8008,202,1493.532,2466,780,8820,9,565.895,2677,1028,8820,173,575.432,2524,808,8381,8,1237.422,2725,999,8381,179,1249.15
side_lg_31.dat,10000,100,100,1000,1713,484,9745,24,94.68,1713,484,9745,98,97.384,1814,439,9752,11,140.054,2167,728,9752,115,144.365,3008,992,8705,16,1011.602,3008,992,8705,201,1022.504,2963,998,8278,15,1418.469,2963,998,8278,201,1431.638,2421,658,9350,14,442.462,2817,961,9350,164,449.524,2658,814,8414,14,1105.263,2872,1004,8414,185,1119.219
side_lg_25.dat,10000,100,100,1000,1883,590,9733,20,433.477,1883,590,9733,117,438.496,1689,385,9716,13,144.119,1909,614,9716,108,148.601,2600,864,8656,10,855.397,2600,864,8656,176,869.266,2563,850,8174,9,1141.528,2563,850,8174,174,1152.613,2103,529,8580,9,532.232,2356,805,8580,138,540.135,2344,669,8029,6,982.551,2632,909,8029,160,994.369
side_lg_24.dat,10000,100,100,1000,1782,486,9756,26,120.608,1782,486,9756,100,123.532,1647,417,9825,14,110.89,2055,681,9825,106,114.697,2718,890,8809,18,751.493,2718,890,8809,178,760.525,2685,913,8467,15,1095.508,2685,913,8467,181,1106.451,2156,621,8625,13,562.351,2689,974,8625,152,572.455,2443,734,8567,14,844.394,2835,1005,8567,172,855.261
side_lg_30.dat,10000,100,100,1000,1802,590,9725,15,131.779,1802,590,9725,122,137.098,1686,479,9858,7,124.978,1966,725,9858,121,130.062,2782,978,8707,7,991.446,2782,978,8707,199,1002.953,2713,1011,8189,6,1407.653,2713,1011,8189,206,1423.105,2192,661,8738,7,579.13,2636,970,8738,165,589.84,2515,838,8628,6,976.552,2822,1050,8628,195,989.77
side_lg_18.dat,10000,100,100,1000,1733,505,9709,21,119.474,1733,505,9709,101,122.769,1702,390,9682,13,146.972,2177,795,9682,109,151.351,2824,967,8019,12,1204.77,2824,967,8019,192,1219.653,2872,1000,8417,12,1221.265,2872,1000,8417,198,1233.536,2245,618,8870,12,515.777,2653,952,8870,154,524.525,2604,798,8890,12,806.012,2954,1061,8890,184,816.118
side_sm_32.dat,10000,100,100,1000,1703,1256,9693,15,125.71,1703,1256,9693,104,129.732,1552,1162,9773,6,139.653,1941,1893,9773,114,145.566,2689,2221,8454,9,918.974,2689,2221,8454,178,929.369,2651,2314,8208,7,1172.647,2651,2314,8208,183,1184.855,1994,1349,8986,8,394.816,2685,2764,8986,142,402.834,2292,1661,8510,7,738.959,2890,2641,8510,162,749.181
side_sm_26.dat,10000,100,100,1000,1780,1281,9842,20,113.885,1780,1281,9842,103,116.83,1724,979,9755,12,140.487,2302,2081,9755,114,144.835,2967,2495,8600,15,992.489,2967,2495,8600,196,1003.181,2873,2559,7832,13,1483.341,2873,2559,7832,200,1498.729,2300,1619,8869,14,438.844,2885,2680,8869,159,448.449,2450,1880,8529,14,860.326,3071,2941,8529,176,872.01
side_sm_17.dat,10000,100,100,1000,1483,1233,9698,19,128.341,1483,1233,9698,92,131.694,1211,703,9806,7,79.811,1749,1650,9806,79,82.046,2434,2149,8469,13,818.016,2434,2149,8469,163,829.559,2436,2285,8229,13,1227.348,2436,2285,8229,175,1239.904,1771,1181,8886,8,376.685,2434,2723,8886,125,384.306,1977,1528,8767,8,627.677,2579,2890,8767,145,636.605
weight_sm_41.dat,10000,100,100,1000,3376,5004,9729,31,434.578,3376,5004,9729,196,444.428,3102,3521,9730,11,495.616,5263,9999,9730,205,505.766,4511,7691,8591,16,2577.303,4511,7691,8591,302,2597.553,4530,7881,8455,14,3205.404,4530,7881,8455,309,3227.705,3285,4286,9014,9,1224.262,5324,9998,9014,225,1237.748,3745,5399,8347,10,2180.34,5332,10000,8347,266,2198.822
weight_lg_43.dat,10000,100,100,1000,7600,10000,9308,278,1397.713,7600,10000,9308,399,1404.434,7056,9062,9647,27,2617.664,7521,10000,9647,478,2644.164,6628,10000,4665,390,817.846,6628,10000,4665,390,817.862,5941,10000,3229,390,857.303,5941,10000,3229,390,857.319,7308,9509,9146,29,4148.068,7583,9999,9146,489,4175.635,7464,10000,8585,498,1358.567,7464,10000,8585,498,1358.584
side_lg_15.dat,10000,100,100,1000,1917,565,9499,24,181.275,1917,565,9499,115,186.605,1472,350,9713,13,110.766,1792,612,9713,95,113.993,2773,889,8338,15,1025.461,2773,889,8338,178,1035.877,2792,952,8463,13,1195.55,2792,952,8463,190,1208.247,2302,667,8514,14,658.067,2815,1013,8514,162,669.33,2486,753,8343,13,1007.558,2936,1060,8343,174,1019.387
side_lg_29.dat,10000,100,100,1000,2108,681,9540,24,200.622,2108,681,9540,139,207.628,1688,481,9839,10,118.434,2062,732,9839,120,123.093,2956,951,8293,13,1168.15,2956,951,8293,196,1180.382,2872,1014,7734,12,1558.002,2872,1014,7734,204,1574.489,2412,672,8719,11,640.13,3021,1101,8719,172,650.833,2660,791,8555,12,1052.496,3159,1143,8555,193,1065.49
uniform_41.dat,10000,100,100,1000,2942,2377,9843,55,371.568,2942,2377,9843,181,382.343,2563,1553,9774,8,463.906,4399,5097,9774,177,473.481,4361,3933,8804,15,2649.193,4361,3933,8804,304,2672.818,4339,4089,8409,13,3127.373,4339,4089,8409,314,3150.663,3334,2375,9211,8,1624.557,5043,5543,9211,234,1646.134,3495,2653,8526,9,2122.667,5020,5241,8526,256,2141.044
uniform_40.dat,10000,100,100,1000,2924,2291,9754,43,431.147,2924,2291,9754,176,440.74,2593,2015,9670,13,497.132,4283,4731,9670,194,512.044,4042,3460,8903,22,2109.165,4042,3460,8903,273,2128.634,3947,3564,8164,19,2644.101,3947,3564,8164,281,2664.889,2947,2060,9423,18,935.968,4949,5043,9423,215,951.399,3346,2576,8851,18,1851.358,5117,5162,8851,250,1869.511
side_lg_28.dat,10000,100,100,1000,1422,483,9825,12,113.643,1422,483,9825,100,118.038,1484,398,9754,7,111.888,1889,735,9754,111,116.736,2541,876,8614,7,859.759,2541,876,8614,185,871.384,2423,859,7661,6,1313.925,2423,859,7661,185,1330.467,2046,601,8695,7,713.312,2463,956,8695,158,732.148,2252,712,8039,5,1157.993,2538,986,8039,176,1172.847
side_lg_14.dat,10000,100,100,1000,1703,497,9807,18,109.501,1703,497,9807,104,112.76,1563,425,9491,7,176.221,1903,730,9491,112,182.316,2722,1007,8435,6,1085.691,2722,1007,8435,197,1100.007,2694,1009,8068,5,1386.926,2694,1009,8068,200,1402.76,2260,661,9247,8,430.566,2708,1066,9247,163,438.617,2454,856,8594,6,971.871,2953,1130,8594,192,985.33
weight_lg_42.dat,10000,100,100,1000,7574,10000,9325,286,861.059,7574,10000,9325,389,866.128,7268,9150,9694,36,2797.552,7610,10000,9694,488,2824.021,6614,10000,4385,380,782.623,6614,10000,4385,380,782.639,5821,10000,2819,387,842.351,5821,10000,2819,387,842.368,7677,9998,9219,37,1859.16,7679,9998,9219,506,1876.438,7303,10000,7951,496,1247.315,7303,10000,7951,496,1247.333
weight_sm_40.dat,10000,100,100,1000,3658,4582,9801,39,441.673,3658,4582,9801,199,450.868,3095,3585,9520,15,554.287,5066,9998,9520,211,568.199,4883,7508,8760,24,2866.954,4883,7508,8760,318,2887.195,4860,7875,8391,21,3481.192,4860,7875,8391,333,3506.82,3963,4616,9477,15,1261.519,5689,10000,9477,266,1277.359,4234,5616,8840,17,2275.87,5564,9991,8840,293,2296.743
side_sm_16.dat,10000,100,100,1000,1628,1131,9822,17,105.13,1628,1131,9822,94,107.827,1571,950,9686,6,151.572,2138,1886,9686,110,157.174,2881,2374,8441,11,1132.629,2881,2374,8441,196,1145.866,2872,2520,8441,10,1305.946,2872,2520,8441,209,1319.974,2120,1585,9178,6,418.079,2896,2832,9178,160,427.057,2345,1804,8704,6,804.398,3132,3036,8704,177,815.961
side_sm_14.dat,10000,100,100,1000,2061,1291,9752,16,145.191,2061,1291,9752,119,149.44,1780,1116,9603,12,173.487,2006,1630,9603,123,180.088,2944,2290,9079,7,828.864,2944,2290,9079,196,837.343,2815,2419,8081,5,1455.824,2815,2419,8081,202,1470.383,2205,1516,9265,12,374.224,2507,2027,9265,156,382.074,2370,1579,8412,12,768.236,2710,2131,8412,164,778.805
weight_sm_42.dat,10000,100,100,1000,3447,5371,9591,50,489.958,3447,5371,9591,212,502.712,2840,3200,9627,7,528.132,5282,10000,9627,196,540.4,4657,7496,8904,19,2828.436,4657,7496,8904,301,2847.436,4566,7468,8298,18,3156.82,4566,7468,8298,309,3177.656,3317,4474,9508,7,1033.565,5384,10000,9508,242,1049.3,3776,5260,8799,12,1978.562,5242,9999,8799,267,1997.782
side_sm_28.dat,10000,100,100,1000,1864,1376,9809,21,113.706,1864,1376,9809,113,117.256,1542,780,9598,10,137.289,2122,1920,9598,104,141.679,2838,2288,8664,17,890.805,2838,2288,8664,186,900.087,2815,2409,8047,14,1408.73,2815,2409,8047,194,1421.782,1991,1180,9208,12,342.78,2575,2459,9208,137,349.124,2413,1744,8517,13,882.42,2827,2658,8517,171,893.159
weight_lg_40.dat,10000,100,100,1000,7324,10000,9532,276,1285.013,7324,10000,9532,388,1291.172,6914,8963,9465,30,2287.532,7458,10000,9465,489,2316.062,6555,10000,4986,395,828.687,6555,10000,4986,395,828.702,5919,10000,3517,403,938.7,5919,10000,3517,403,938.716,7056,9135,9246,31,4145.575,7490,9998,9246,495,4174.195,7272,9998,8682,51,1622.393,7273,10000,8682,515,1634.619
side_lg_16.dat,10000,100,100,1000,1812,467,9739,20,146.419,1812,467,9739,103,149.384,1566,379,9731,7,128.176,2038,724,9731,108,132.964,2877,955,8684,9,1088.69,2877,955,8684,203,1101.001,2829,992,8255,9,1444.971,2829,992,8255,208,1460.431,2467,678,9229,10,528.006,2700,962,9229,173,536.521,2613,767,8710,10,1185.167,3002,1096,8710,191,1197.572
uniform_42.dat,10000,100,100,1000,3232,2272,9840,64,365.27,3232,2272,9840,188,373.954,2732,1463,9777,9,400.876,4445,4394,9777,176,409.436,4521,3660,8531,14,2349.17,4521,3660,8531,293,2367.44,4569,3810,8562,13,2984.721,4569,3810,8562,308,3005.335,3457,2348,9220,12,1146.469,5136,5411,9220,237,1161.802,3785,2671,8346,13,2016.091,5038,4938,8346,257,2033.029
uniform_43.dat,10000,100,100,1000,3232,2457,9785,51,466.497,3232,2457,9785,203,484.437,2652,1390,9662,8,479.688,4563,4584,9662,177,489.621,4208,3289,8967,20,2311.051,4208,3289,8967,278,2328.084,4206,3613,8534,15,3375.282,4206,3613,8534,301,3396.716,3417,2149,9558,12,1129.215,5197,5294,9558,237,1145.649,3749,2657,8859,13,2237.746,4955,4819,8859,271,2257.354
side_lg_17.dat,10000,100,100,1000,2257,620,9656,25,181.659,2257,620,9656,137,186.787,2229,566,9512,17,208.706,2380,713,9512,150,215.778,3067,933,8128,15,1272.361,3067,933,8128,203,1285.362,3058,961,8193,15,1446.616,3058,961,8193,210,1459.801,2632,668,8821,15,630.372,3066,953,8821,179,639.455,2811,773,8319,14,1182.201,3132,987,8319,195,1194.451
weight_lg_41.dat,10000,100,100,1000,7168,10000,9362,269,1820.402,7168,10000,9362,403,1829.8,6512,7354,9750,21,2728.852,7668,10000,9750,441,2752.674,6559,10000,5045,401,869.1,6559,10000,5045,401,869.117,5882,10000,3457,399,925.367,5882,10000,3457,399,925.386,7032,9171,9233,20,4818.062,7366,9999,9233,489,4844.684,7185,10000,8360,503,1604.991,7185,10000,8360,503,1605.023
side_sm_29.dat,10000,100,100,1000,1764,1231,9787,22,155.472,1764,1231,9787,102,158.206,1727,878,9784,11,188.833,2324,1943,9784,111,193.533,2871,2198,8604,14,1346.734,2871,2198,8604,186,1357.241,2887,2371,8721,13,1302.516,2887,2371,8721,199,1313.855,2247,1471,9066,12,450.236,2743,2450,9066,154,458.509,2318,1521,8012,11,945.879,2761,2474,8012,157,962.604
weight_sm_43.dat,10000,100,100,1000,3182,4840,9802,39,475.562,3182,4840,9802,201,490.735,2661,3212,9712,9,608.041,4408,9426,9712,191,633.2,4319,7069,8634,20,3012.039,4319,7069,8634,291,3032.278,4269,7458,8320,19,3074.806,4269,7458,8320,304,3098.559,3155,3656,9590,10,864.825,4589,8953,9590,218,877.26,3471,4871,8994,12,1753.222,5293,10000,8994,254,1771.841
side_sm_15.dat,10000,100,100,1000,2024,1439,9739,22,127.774,2024,1439,9739,116,131.733,1386,758,9827,8,85.349,1863,1583,9827,91,88.101,2917,2321,8115,14,1271.883,2917,2321,8115,194,1285.246,2899,2429,8102,12,1503.469,2899,2429,8102,203,1518.195,2077,1321,8600,11,460.958,2706,2621,8600,145,470.667,2442,1657,8764,11,773.42,3077,2786,8764,172,784.372
side_sm_39.dat,10000,100,100,1000,1823,1263,9703,16,160.356,1823,1263,9703,111,165.273,1360,704,9739,11,105.084,1886,1600,9739,87,108.137,2583,1965,8079,8,995.551,2583,1965,8079,168,1006.272,2612,2208,8282,7,1089.184,2612,2208,8282,184,1101.409,1641,932,9232,10,246.076,2642,2427,9232,110,250.529,2246,1654,8616,10,773.966,2998,2778,8616,167,784.735
side_sm_11.dat,10000,100,100,1000,1841,1378,9500,21,150.751,1841,1378,9500,105,154.364,1683,1056,9768,11,129.359,2121,1876,9768,105,133.129,2961,2297,8410,13,1029.238,2961,2297,8410,186,1038.361,2921,2382,8178,12,1307.478,2921,2382,8178,194,1319.334,2116,1415,9130,11,334.431,2812,2634,9130,140,340.628,2648,1884,8624,9,851.897,3154,2817,8624,176,861.239
weight_sm_47.dat,10000,100,100,1000,3023,4572,9736,32,412.913,3023,4572,9736,174,420.656,2568,3189,9730,12,486.747,4412,9671,9730,185,498.771,4362,7773,9010,17,2571.188,4362,7773,9010,310,2596.616,4252,7686,8274,15,3234.053,4252,7686,8274,315,3256.833,3305,4830,9253,13,1028.435,4896,9998,9253,251,1046.36,3382,5140,9072,13,1851.683,4750,9998,9072,261,1871.068
weight_lg_45.dat,10000,100,100,1000,7355,10000,9578,263,1558.173,7355,10000,9578,404,1565.919,6705,8688,9634,19,2524.88,7196,10000,9634,470,2550.889,6575,10000,5355,396,831.009,6575,10000,5355,396,831.025,5912,10000,3774,394,887.227,5912,10000,3774,394,887.244,7010,9369,9290,20,4367.515,7252,10000,9290,493,4397.009,7250,10000,8969,20,1709.152,7250,10000,8969,505,1721.989
side_lg_13.dat,10000,100,100,1000,2088,654,9619,20,187.295,2088,654,9619,135,193.852,1582,384,9744,11,250.75,1969,686,9744,107,256.395,3091,1058,8699,11,1228.854,3091,1058,8699,220,1242.116,3026,1078,8053,11,1648.563,3026,1078,8053,223,1665.847,2508,790,8591,6,917.223,2955,1172,8591,189,931.452,2833,911,8439,9,1271.424,3190,1188,8439,210,1287.212
uniform_47.dat,10000,100,100,1000,3429,2648,9813,40,460.496,3429,2648,9813,205,471.848,2891,1702,9804,13,462.41,4514,4557,9804,197,473.639,4467,3754,8672,24,2625.92,4467,3754,8672,302,2646.582,4485,3893,8513,22,3145.076,4485,3893,8513,314,3167.654,3770,2679,9485,23,1210.807,4780,4749,9485,262,1227.981,3904,2879,8946,22,2259.051,4686,4508,8946,274,2278.871
uniform_46.dat,10000,100,100,1000,3784,2740,9778,54,440.782,3784,2740,9778,221,451.574,3229,1844,9771,14,530.77,5197,5308,9771,218,542.233,4744,3909,8718,22,3351.02,4744,3909,8718,317,3371.764,4824,4158,8790,17,3535.322,4824,4158,8790,336,3558.548,3515,2270,9253,16,1276.443,5242,5452,9253,242,1292.049,4109,2963,8761,16,2285.81,5421,5515,8761,289,2305.605
side_lg_12.dat,10000,100,100,1000,1839,569,9709,23,144.403,1839,569,9709,116,148.706,1690,483,9840,12,153.045,2271,941,9840,123,158.476,2777,989,8189,14,1134.676,2777,989,8189,196,1148.135,2793,1029,8387,12,1326.167,2793,1029,8387,208,1340.397,2327,709,9374,12,443.271,2868,1144,9374,171,450.546,2470,771,7977,10,1245.549,2936,1146,7977,185,1260.315
weight_lg_44.dat,10000,100,100,1000,7576,10000,9384,287,1443.786,7576,10000,9384,413,1451.724,6945,8249,9617,28,2631.112,7619,9999,9617,474,2656.329,7066,10000,5727,419,925.665,7066,10000,5727,419,925.682,6283,10000,3902,419,1025.919,6283,10000,3902,419,1025.945,7566,9901,9216,33,4168.34,7630,9999,9216,519,4198.682,7600,9998,8667,52,1536.107,7602,10000,8667,522,1548.319
weight_sm_46.dat,10000,100,100,1000,3222,4930,9679,35,416.665,3222,4930,9679,195,427.871,2806,3073,9685,8,464.639,4614,9514,9685,190,476.141,4733,7746,9104,16,2757.611,4733,7746,9104,317,2778.655,4603,7859,8303,13,3340.547,4603,7859,8303,321,3363.693,3441,4236,9639,10,732.952,4995,9471,9639,234,744.451,3529,4697,8362,9,1757.112,4949,9667,8362,249,1774.939
side_sm_10.dat,10000,100,100,1000,1822,1663,9599,28,177.288,1822,1663,9599,125,183.304,1668,1083,9737,13,153.853,2144,2174,9737,118,158.956,2787,2530,8711,19,975.105,2787,2530,8711,196,985.822,2768,2560,8359,16,1302.233,2768,2560,8359,204,1315.619,2031,1373,9577,14,232.647,2397,2296,9577,143,237.527,2405,1938,8481,17,962.282,2741,2851,8481,177,973.794
side_sm_38.dat,10000,100,100,1000,1790,1302,9751,24,100.999,1790,1302,9751,100,103.745,1726,966,9713,9,133.943,2368,2170,9713,108,137.446,2956,2526,8397,13,1160.983,2956,2526,8397,198,1173.487,2939,2570,8202,12,1343.946,2939,2570,8202,199,1357.208,2202,1474,9000,14,405.813,2774,2665,9000,144,413.613,2488,1974,8039,12,1613.406,2908,2823,8039,177,1628.331
side_sm_12.dat,10000,100,100,1000,1456,1025,9741,18,96.799,1456,1025,9741,87,99.601,1678,983,9651,8,180.906,1985,1754,9651,112,186.146,2529,2071,8661,11,783.52,2529,2071,8661,166,794.085,2481,2041,8108,9,2231.304,2481,2041,8108,169,2243.404,1961,1216,8981,9,385.169,2284,2013,8981,133,392.432,2142,1497,8413,6,786.072,2442,2174,8413,151,796.633
weight_sm_44.dat,10000,100,100,1000,3395,5426,9609,55,544.419,3395,5426,9609,209,557.123,2998,3560,9828,24,429.222,4985,9967,9828,213,441.378,4560,7620,8704,22,3747.851,4560,7620,8704,307,3768.151,4587,8091,8720,21,3444.886,4587,8091,8720,326,3468.073,3312,4197,9377,11,1121.306,5033,9997,9377,236,1138.369,3739,5427,8858,14,3700.024,5025,9998,8858,274,3727.193
side_lg_38.dat,10000,100,100,1000,1825,575,9764,17,348.753,1825,575,9764,115,365.405,1641,433,9746,9,224.006,2008,712,9746,116,231.209,2668,931,8461,11,1351.62,2668,931,8461,188,1365.302,2686,992,8342,9,1395.114,2686,992,8342,201,1412.931,2162,615,8707,8,958.849,2740,1091,8707,158,969.624,2408,764,8303,7,1625.422,2855,1126,8303,183,1648.114
weight_lg_46.dat,10000,100,100,1000,7565,9999,9378,276,2559.252,7565,9999,9378,405,2570.099,7004,8944,9753,19,3906.2,7510,10000,9753,490,3959.851,6797,10000,5283,402,1074.428,6797,10000,5283,402,1074.448,6197,10000,3854,419,1206.239,6197,10000,3854,419,1206.257,7327,9480,9277,23,5120.915,7566,9999,9277,507,5151.025,7342,9995,8495,21,1819.14,7347,10000,8495,517,1832.782
side_lg_10.dat,10000,100,100,1000,1715,521,9820,18,97.911,1715,521,9820,100,100.737,1759,434,9819,9,151.222,2242,847,9819,114,155.948,2650,944,7801,10,1283.347,2650,944,7801,177,1297.541,2688,1013,7819,9,1490.298,2688,1013,7819,189,1504.981,2222,627,8937,10,489.942,2599,1000,8937,147,497.72,2348,732,7648,9,1181.686,2706,1061,7648,163,1196.545
uniform_44.dat,10000,100,100,1000,3053,2362,9686,40,469.38,3053,2362,9686,176,478.263,2646,1703,9737,15,547.185,4182,4073,9737,177,561.278,4327,3753,8759,25,2791.611,4327,3753,8759,290,2814.273,4261,3840,8206,23,3240.956,4261,3840,8206,295,3265.09,3169,2202,9474,16,1038.771,5196,5235,9474,215,1054.88,3554,2750,8682,16,2154.204,4720,4648,8682,248,2173.947
uniform_45.dat,10000,100,100,1000,3046,2184,9751,40,434.678,3046,2184,9751,176,454.261,2750,1567,9677,11,563.558,4460,4500,9677,183,575.876,4431,3548,8823,21,3523.193,4431,3548,8823,295,3550.161,4449,3717,8714,16,3428.004,4449,3717,8714,305,3450.733,3549,2380,9275,17,1209.767,4672,4584,9275,243,1226.922,3627,2515,8206,17,2137.662,4610,4451,8206,256,2157.292
side_lg_11.dat,10000,100,100,1000,1751,529,9714,19,125.694,1751,529,9714,105,129.831,1718,397,9537,12,182.37,2066,709,9537,112,187.948,2531,835,8420,12,988.513,2531,835,8420,176,1001.282,2504,875,7949,10,1315.075,2504,875,7949,182,1330.504,2019,502,9177,11,372.68,2461,881,9177,136,379.351,2268,674,8613,11,894.313,2605,933,8613,164,906.193
weight_lg_47.dat,10000,100,100,1000,7368,10000,9391,285,1705.236,7368,10000,9391,401,1724.641,6967,9131,9501,28,5274.972,7348,10000,9501,484,5308.068,6667,10000,5117,403,1144.534,6667,10000,5117,403,1144.578,5926,10000,3348,405,1285.975,5926,10000,3348,405,1285.992,7444,9978,9353,23,5950.695,7452,9999,9353,516,5998.619,7131,10000,7866,504,1884.534,7131,10000,7866,504,1884.555
side_lg_39.dat,10000,100,100,1000,1788,581,9685,20,148.019,1788,581,9685,118,153.101,1895,515,9768,9,279.529,2089,759,9768,126,287.236,2783,959,8572,14,1327.561,2783,959,8572,189,1342.394,2797,1010,8502,13,1907.533,2797,1010,8502,197,1921.907,2399,723,8840,13,770.134,2558,950,8840,168,782.557,2530,803,8555,14,1236.791,2789,1036,8555,181,1253.736
weight_sm_45.dat,10000,100,100,1000,3140,4470,9719,46,457.489,3140,4470,9719,175,465.613,2957,3735,9731,18,2053.291,5055,10000,9731,209,2074.835,4470,7351,8874,26,4580.865,4470,7351,8874,296,4602.297,4423,7652,8467,21,3686.3,4423,7652,8467,305,3711.443,3197,4114,8977,20,1393.985,4841,9997,8977,223,1518.647,3496,4983,8149,20,2109.493,4685,9271,8149,250,2133.66
side_sm_13.dat,10000,100,100,1000,1640,1121,9838,14,103.774,1640,1121,9838,96,107.621,1676,1137,9684,3,183.388,2269,2174,9684,122,189.455,2823,2467,8448,6,1451.271,2823,2467,8448,199,1466.529,2824,2476,8329,4,1555.584,2824,2476,8329,204,1571.687,2140,1577,9228,4,463.157,2748,2713,9228,158,472.502,2395,1816,8545,4,1301.454,2900,2832,8545,174,1317.088
weight_sm_36.dat,10000,100,100,1000,3019,4023,9836,39,441.561,3019,4023,9836,174,450.285,2901,3391,9681,7,618.986,4748,9676,9681,204,638.969,4509,7170,8792,20,3118.924,4509,7170,8792,298,3148.871,4446,7397,8322,17,4751.183,4446,7397,8322,310,4789.246,3418,4192,9124,10,1537.636,5024,9793,9124,237,1559.622,3553,4776,8606,10,2392.098,4942,9367,8606,254,2411.591
weight_sm_22.dat,10000,100,100,1000,3149,4777,9540,44,559.686,3149,4777,9540,191,572.56,2815,3599,9760,8,583.135,4379,9645,9760,193,598.218,4356,7229,8510,24,3596.322,4356,7229,8510,284,3615.893,4351,7670,8267,22,4100.682,4351,7670,8267,298,4127.368,2971,3796,9276,9,1098.471,4662,9385,9276,206,1116.102,3272,4444,8815,12,2342.89,4956,9998,8815,226,2431.362
side_sm_48.dat,10000,100,100,1000,2165,1699,9683,19,714.685,2165,1699,9683,128,727.054,1727,1120,9734,6,156.528,2462,2301,9734,111,160.621,3008,2635,8824,14,1197.643,3008,2635,8824,197,1210.54,2929,2656,8016,12,1757.266,2929,2656,8016,201,1775.494,2336,1727,8837,9,598.878,2985,3058,8837,161,608.336,2631,2044,8600,11,1248.248,3147,3099,8600,181,1269.904
weight_lg_2.dat,10000,100,100,1000,7938,10000,9460,253,1338.907,7938,10000,9460,405,1348.762,7741,9176,9736,27,3608.071,8187,9999,9736,495,3653.11,7124,10000,4882,413,1417.933,7124,10000,4882,413,1417.952,6294,10000,3174,407,1525.745,6294,10000,3174,407,1525.762,8060,9996,9315,28,3502.094,8061,10000,9315,520,3527.242,7528,10000,7274,500,1667.82,7528,10000,7274,500,1667.841
side_lg_1.dat,10000,100,100,1000,1834,528,9816,19,141.123,1834,528,9816,106,144.147,1994,463,9776,13,212.353,2332,791,9776,130,217.987,3050,1033,8460,8,1411.381,3050,1033,8460,213,1428.691,3079,1073,8375,7,1743.966,3079,1073,8375,219,1764.87,2563,718,8723,10,847.622,2906,1007,8723,175,857.907,2821,888,8285,8,1655.75,3069,1055,8285,203,1672.164
uniform_3.dat,10000,100,100,1000,3267,2285,9655,41,651.987,3267,2285,9655,192,668.316,2766,1476,9517,11,705.532,4621,4793,9517,186,718.897,4227,3119,8688,21,3061.195,4227,3119,8688,270,3083.25,4227,3402,8600,16,4297.389,4227,3402,8600,291,4325.901,3125,1904,9101,11,2943.44,5174,5210,9101,219,2980.51,3567,2428,8570,11,4599.213,5216,5088,8570,256,4628.535
weight_lg_20.dat,10000,100,100,1000,7636,10000,9606,266,2816.331,7636,10000,9606,431,2832.426,7008,8331,9596,27,3718.461,7605,9999,9596,479,3761.396,7311,10000,6802,436,1580.921,7311,10000,6802,436,1580.94,6353,10000,4130,431,1551.862,6353,10000,4130,431,1551.879,7364,9374,9461,25,6938.649,7679,10000,9461,508,6974.473,7430,9994,8794,25,4574.683,7438,10000,8794,522,4611.961
weight_lg_34.dat,10000,100,100,1000,7587,10000,9281,293,2331.856,7587,10000,9281,398,2342.167,6735,8338,9617,30,3931.899,7391,10000,9617,467,3992.539,6524,10000,4238,387,1362.504,6524,10000,4238,387,1362.523,5810,10000,2867,381,1219.563,5810,10000,2867,381,1219.58,7541,9978,9360,29,6049.153,7546,10000,9360,509,6084.344,7252,9999,7870,494,1952.541,7252,9999,7870,494,1952.607
weight_sm_1.dat,10000,100,100,1000,3240,4878,9802,42,703.194,3240,4878,9802,198,719.12,2751,3522,9756,17,621.046,4324,9266,9756,190,638.427,4413,7207,8707,20,3961.138,4413,7207,8707,291,3990.422,4355,7438,8274,16,11319.132,4355,7438,8274,302,11450.557,3070,3780,9483,16,2830.852,4757,9723,9483,208,2850.525,3669,5200,8828,19,4330.706,4771,9419,8828,254,4372.497
side_sm_2.dat,10000,100,100,1000,1377,1006,9785,20,168.216,1377,1006,9785,82,170.843,1546,848,9724,10,297.853,1936,1693,9724,101,314.006,2737,2216,8251,14,6310.827,2737,2216,8251,181,6534.414,2706,2308,8030,12,9147.339,2706,2308,8030,189,9169.331,1982,1296,9249,11,526.497,2335,2101,9249,136,535.823,2385,1689,8516,13,1464.354,2984,2777,8516,167,1476.193
uniform_36.dat,10000,100,100,1000,3477,2963,9760,39,789.72,3477,2963,9760,206,808.084,2687,1817,9812,13,835.744,4698,5066,9812,176,854.119,4391,3923,8682,19,4631.766,4391,3923,8682,290,4660.915,4443,4082,8724,19,4933.936,4443,4082,8724,307,4972.241,3517,2780,9372,17,1717.999,4987,5385,9372,248,1741.391,3914,3225,8897,17,4961.362,4906,4914,8897,275,4986.034
uniform_22.dat,10000,100,100,1000,3622,2776,9720,46,946.265,3622,2776,9720,214,965.12,2909,1905,9722,7,890.153,5307,5724,9722,211,907.592,4632,4039,8479,17,4669.618,4632,4039,8479,316,4699.444,4607,4200,8183,11,4464.734,4607,4200,8183,331,4493.14,3484,2301,9279,9,1637.645,5069,5205,9279,243,1654.953,3783,2799,8840,6,3301.978,5208,5135,8840,273,3324.308
uniform_23.dat,10000,100,100,1000,3251,2204,9669,59,626.055,3251,2204,9669,182,638.34,2629,1403,9713,21,542.265,4018,4414,9713,168,552.243,4434,3572,8802,22,3250.74,4434,3572,8802,291,3276.823,4435,3741,8648,20,4084.366,4435,3741,8648,304,4115.224,3251,1940,9405,14,2281.137,4714,4997,9405,217,2303.29,3651,2595,8709,13,4529.322,4816,4978,8709,261,4551.936
uniform_37.dat,10000,100,100,1000,3290,2291,9689,35,540.211,3290,2291,9689,191,552.828,2997,1741,9738,15,913.89,5200,5637,9738,202,935.07,4487,3748,8859,17,4570.706,4487,3748,8859,299,4598.051,4445,3862,8538,16,9468.013,4445,3862,8538,310,9498.191,3472,2236,9149,17,1814.805,5206,5584,9149,237,1833.896,3733,2746,8710,15,3586.085,5116,5411,8710,268,3610.984
side_sm_3.dat,10000,100,100,1000,1863,1439,9515,24,209.179,1863,1439,9515,106,213.374,1694,1091,9711,9,158.38,2082,1911,9711,112,164.401,2869,2413,8109,16,1525.867,2869,2413,8109,186,1539.481,2936,2492,8651,15,1510.103,2936,2492,8651,197,1530.34,2171,1499,8983,12,532.518,3095,3190,8983,152,547.258,2477,1899,8755,12,1643.045,3213,3262,8755,177,1683.147
weight_sm_0.dat,10000,100,100,1000,3258,4823,9700,31,861.561,3261,4840,9700,195,873.818,2788,3235,9720,8,656.094,5139,9997,9720,200,671.486,4440,7658,8707,15,4022.669,4440,7658,8707,311,4049.826,4469,8027,8699,14,4271.266,4469,8027,8699,323,4300.79,3325,4574,9328,10,1189.847,5102,10000,9328,244,1209.567,3499,5405,9117,10,2493.288,5565,9998,9117,270,2520.505
weight_lg_35.dat,10000,100,100,1000,7681,10000,9633,276,1633.688,7681,10000,9633,413,1641.674,6581,7787,9697,29,4028.712,7554,10000,9697,450,4084.658,6702,10000,4953,401,1883.19,6702,10000,4953,401,1883.21,5953,10000,3351,402,1363.483,5953,10000,3351,402,1363.501,6999,8907,9183,30,5648.171,7579,9999,9183,483,5680.224,7310,9994,8539,28,2378.056,7319,10000,8539,505,2394.073
weight_lg_21.dat,10000,100,100,1000,7502,10000,9427,276,1235.767,7502,10000,9427,391,1240.494,7201,9307,9615,31,3548.046,7498,10000,9615,490,3579.224,6659,10000,4541,394,986.87,6659,10000,4541,394,986.889,5909,10000,3001,394,1048.041,5909,10000,3001,394,1048.058,7493,10000,8979,30,3095.845,7493,10000,8979,508,3123.355,7102,10000,7087,489,1469.026,7102,10000,7087,489,1469.102
uniform_2.dat,10000,100,100,1000,2999,2147,9687,58,492.213,2999,2147,9687,174,501.564,2878,1682,9690,18,559.064,4247,4431,9690,191,572.185,4323,3689,8705,21,6138.949,4323,3689,8705,291,6171.583,4314,3918,8499,21,4780.783,4314,3918,8499,311,4819.222,3079,1800,9531,16,1442.9,4571,4551,9531,205,1457.381,3741,2624,9047,17,2497.218,4525,4534,9047,259,2517.443
side_lg_0.dat,10000,100,100,1000,1864,539,9809,19,144.6,1864,539,9809,109,147.912,1676,429,9689,10,149.672,1950,652,9689,118,154.383,2943,1008,8913,12,1287.331,2943,1008,8913,206,1305.164,2866,1017,8218,8,2072.101,2866,1017,8218,209,2090.025,2412,706,9155,11,660.569,2698,955,9155,175,673.977,2649,854,8579,8,1517.254,2764,983,8579,196,1536.172
weight_lg_3.dat,10000,100,100,1000,7685,10000,9431,276,1930.746,7685,10000,9431,416,1940.659,6575,7932,9552,30,3404.742,7342,9999,9552,462,3436.247,6865,10000,5267,412,1134.4,6865,10000,5267,412,1134.419,6078,10000,3517,412,2249.724,6078,10000,3517,412,2249.744,7449,9958,9309,34,9115.275,7482,10000,9309,523,9159.735,7398,9992,8230,55,2235.003,7407,9998,8230,511,2251.911
side_sm_49.dat,10000,100,100,1000,1819,1384,9840,22,129.25,1819,1384,9840,114,135.175,1687,1117,9741,9,182.461,2326,2327,9741,120,187.78,2698,2388,8736,15,1097.391,2698,2388,8736,185,1110.88,2677,2529,8331,12,1398.557,2677,2529,8331,196,1412.338,2185,1628,9046,13,573.44,2918,3126,9046,162,584.575,2385,1854,8897,15,924.745,3025,3069,8897,178,936.937
weight_sm_23.dat,10000,100,100,1000,3250,4679,9607,41,668.386,3250,4679,9607,191,681.993,2735,2866,9856,17,557.616,4582,8368,9856,178,566.965,4685,7731,8810,22,4743.862,4685,7731,8810,306,4772.053,4633,7892,8397,21,8569.317,4633,7892,8397,314,8606.115,3357,4258,9355,19,2016.982,5349,9997,9355,225,2035.561,3688,5281,8624,18,3148.778,5543,9999,8624,258,3180.764
weight_sm_37.dat,10000,100,100,1000,3766,5995,9684,31,704.313,3766,5995,9684,233,720.012,3040,4042,9822,12,553.686,4783,9856,9822,210,569.605,4522,7823,8824,16,3395.763,4522,7823,8824,306,3417.992,4507,8143,8602,15,10859.363,4507,8143,8602,317,10896.345,3265,4849,9160,11,1739.318,4930,10000,9160,237,1766.307,3601,5424,8632,13,2487.952,4939,9853,8632,257,2509.874
weight_sm_21.dat,10000,100,100,1000,3292,4781,9829,60,567.013,3292,4781,9829,195,578.293,2907,3557,9883,15,678.797,4601,8388,9883,195,688.381,4590,7419,8649,21,3832.097,4590,7419,8649,300,3859.469,4557,7931,8455,20,4981.086,4557,7931,8455,318,5011.075,3502,4920,9164,17,1264.054,4974,10000,9164,246,1283.985,3782,5292,8479,18,2446.186,5190,10000,8479,267,2468.362
weight_sm_35.dat,10000,100,100,1000,3254,4871,9888,34,408.361,3254,4871,9888,198,421.403,3043,3632,9644,10,609.303,4808,9996,9644,208,627.702,4752,7779,9051,18,4669.323,4752,7779,9051,324,4745.692,4711,7978,8756,17,6403.488,4711,7978,8756,329,6453.434,3594,4818,9523,13,2328.232,5122,9998,9523,252,2396.131,3765,5747,8851,14,6917.893,5176,10000,8851,279,6946.304
weight_lg_1.dat,10000,100,100,1000,7550,10000,9314,286,1277.529,7550,10000,9314,391,1285.685,7305,8859,9727,25,7973.096,7764,10000,9727,477,8000.976,6682,10000,4424,394,1072.158,6682,10000,4424,394,1072.175,6114,10000,3248,400,1177.153,6114,10000,3248,400,1177.169,7581,9989,9143,23,5285.194,7584,10000,9143,519,5318.925,7294,10000,7519,502,1862.506,7294,10000,7519,502,1862.527
side_lg_2.dat,10000,100,100,1000,1893,538,9780,19,131.719,1893,538,9780,108,135.389,1859,426,9601,10,206.259,2146,750,9601,119,214.728,3005,933,8678,11,1255.203,3005,933,8678,191,1267.194,3016,1002,8697,11,2430.774,3016,1002,8697,202,2446.017,2398,572,8718,9,1257.332,2985,1082,8718,156,1269.804,2551,694,8400,9,1118.59,3048,1088,8400,174,1133.005
uniform_0.dat,10000,100,100,1000,3254,2597,9764,57,1120.047,3254,2597,9764,192,1130.491,2841,1624,9708,9,1127.309,4957,5116,9708,189,1142.091,4707,3799,8464,19,7087.078,4707,3799,8464,302,7243.592,4688,3901,8038,16,5689.342,4688,3901,8038,311,5719.003,3431,2192,9282,11,1531.084,5203,5264,9282,233,1549.819,3996,2814,8516,12,4992.311,5341,5201,8516,275,5079.717
weight_lg_37.dat,10000,100,100,1000,7734,10000,9321,297,1904.691,7734,10000,9321,401,1911.668,7637,9992,9633,31,3540.127,7641,10000,9633,507,3577.214,6464,10000,3787,380,2124.942,6464,10000,3787,380,2124.972,5835,10000,2650,380,2466.079,5835,10000,2650,380,2466.105,7843,9995,9250,34,4120.721,7844,9998,9250,508,4147.505,7398,10000,7613,490,1780.882,7398,10000,7613,490,1780.91
weight_lg_23.dat,10000,100,100,1000,7482,10000,9192,310,1436.699,7482,10000,9192,397,1440.953,7279,9410,9674,26,4028.137,7573,10000,9674,500,4060.33,6741,10000,4834,407,1487.993,6741,10000,4834,407,1488.013,5976,10000,3118,403,1764.918,5976,10000,3118,403,1764.938,7647,9993,8956,23,3532.471,7649,9999,8956,513,3568.02,7167,10000,7040,493,2334.156,7167,10000,7040,493,2334.189
side_lg_49.dat,10000,100,100,1000,1544,508,9855,17,214.08,1544,508,9855,100,221.925,1666,473,9642,9,478.826,2114,821,9642,120,497.44,2754,991,8203,13,2585.633,2754,991,8203,196,2602.086,2752,1033,8107,11,2556.929,2752,1033,8107,202,2574.506,2258,660,9450,10,735.443,2706,1011,9450,161,742.221,2483,801,8011,10,1470.819,2748,1039,8011,180,1487.882
weight_sm_2.dat,10000,100,100,1000,3239,5060,9483,58,705.486,3239,5060,9483,199,722.679,2575,2899,9478,14,1184.678,4095,8711,9478,174,1200.117,4228,7434,8353,24,4920.797,4228,7434,8353,291,4960.174,4261,7750,8370,22,4764.211,4261,7750,8370,304,4791.34,2929,3792,9229,15,1173.951,4598,9075,9229,212,1192.239,3357,4574,8871,16,3517.707,4929,9901,8871,240,3593.652
side_sm_1.dat,10000,100,100,1000,1715,1354,9776,17,243.504,1715,1354,9776,110,249.787,1825,1199,9674,8,282.575,2202,2026,9674,126,290.26,2910,2364,8672,10,2792.34,2910,2364,8672,192,2823.51,2853,2489,7822,9,5512.573,2853,2489,7822,197,5608.741,2234,1548,8581,9,1401.694,2513,2378,8581,155,1434.371,2505,1838,7836,8,4080.661,2821,2581,7836,175,4110.627
uniform_21.dat,10000,100,100,1000,3044,2143,9758,46,861.778,3044,2143,9758,174,875.072,2613,1405,9862,22,570.584,4455,4256,9862,168,584.824,4463,3509,8872,28,5686.536,4463,3509,8872,293,5718.988,4373,3646,8404,27,5505.145,4373,3646,8404,301,5541.952,3361,2105,9214,25,2203.371,4709,4877,9214,225,2238.05,3872,2783,8805,26,3559.094,4907,4598,8805,271,3593.659
uniform_35.dat,10000,100,100,1000,2991,2128,9621,36,786.33,2991,2128,9621,161,799.199,2743,1463,9547,10,766.654,4650,5136,9547,173,793.793,4533,3801,9002,17,4647.762,4533,3801,9002,300,4678.909,4471,4048,8703,13,4957.672,4498,4022,8703,318,4998.349,2952,1843,9120,9,1585.102,4762,5305,9120,198,1609.062,3854,2889,9137,9,3799.143,5331,5673,9137,273,3825.263
uniform_34.dat,10000,100,100,1000,3338,2607,9838,44,650.194,3338,2607,9838,193,667.403,3006,1971,9606,15,869.99,5112,5480,9606,202,883.43,4695,4040,8744,24,4447.0,4695,4040,8744,311,4479.496,4595,4115,8277,24,4575.715,4595,4115,8277,315,4602.281,3612,2629,9372,19,1553.212,5689,5984,9372,245,1572.342,4079,3353,8855,19,2984.973,5394,5285,8855,296,3014.211
uniform_20.dat,10000,100,100,1000,3188,2303,9728,40,584.888,3188,2303,9728,182,597.617,2536,1401,9737,17,471.582,4487,4402,9737,167,482.964,4360,3661,8716,23,3201.66,4360,3661,8716,289,3228.864,4321,3887,8480,21,3848.025,4321,3887,8480,304,3875.141,3303,2252,9451,20,1259.885,5073,5099,9451,228,1279.184,3532,2546,8634,20,2630.89,4913,4827,8634,250,2651.716
side_sm_0.dat,10000,100,100,1000,1728,1437,9729,15,187.821,1728,1437,9729,111,193.838,1725,1178,9660,5,194.378,2255,2308,9660,123,203.632,2565,2436,9003,6,1203.935,2565,2436,9003,190,1220.165,2513,2455,8451,4,2778.299,2513,2455,8451,194,2801.754,1946,1534,8912,4,602.575,2402,2465,8912,148,613.252,2160,1905,8406,3,3799.132,2561,2597,8406,171,3834.812
weight_sm_3.dat,10000,100,100,1000,2639,3480,9706,36,626.048,2639,3480,9706,148,643.442,2502,2640,9749,15,1166.431,4700,9754,9749,168,1191.735,4331,6849,8825,19,5686.819,4331,6849,8825,285,5709.02,4258,7070,8525,19,5424.448,4258,7070,8525,295,5458.82,3197,3760,9394,16,1256.442,5031,10000,9394,217,1273.977,3400,4457,8384,16,2515.419,4975,9861,8384,237,2560.112
side_lg_48.dat,10000,100,100,1000,1770,547,9823,16,144.254,1770,547,9823,107,148.21,1623,382,9813,6,130.303,1990,728,9813,103,133.825,2741,943,8171,7,1327.241,2741,943,8171,180,1340.119,2695,956,7780,6,1972.209,2695,956,7780,182,2005.114,2225,649,8666,3,764.38,2697,1079,8666,151,776.64,2478,753,8633,3,2278.99,2892,1116,8633,168,2292.937
weight_lg_22.dat,10000,100,100,1000,7332,10000,9574,257,3097.747,7332,10000,9574,416,3128.193,6892,8263,9695,30,5454.236,7514,9998,9695,472,5488.778,6687,10000,5267,414,1550.698,6687,10000,5267,414,1550.718,5965,10000,3649,412,1900.091,5965,10000,3649,412,1900.109,7417,9974,9354,30,5147.982,7426,9999,9354,523,5182.027,7320,10000,8584,519,1759.927,7320,10000,8584,519,1759.948
weight_lg_36.dat,10000,100,100,1000,7619,10000,9071,300,1217.257,7619,10000,9071,392,1223.407,7276,9318,9586,28,3204.528,7614,9999,9586,490,3237.432,6655,10000,4008,394,1166.221,6655,10000,4008,394,1166.241,6062,10000,2912,396,2460.885,6062,10000,2912,396,2460.914,7866,9999,9201,28,4510.331,7866,9999,9201,507,4532.393,7427,9999,7330,491,2419.06,7427,9999,7330,491,2419.081
uniform_1.dat,10000,100,100,1000,3314,2332,9606,39,567.007,3314,2332,9606,190,577.992,2813,1559,9714,15,529.47,4631,4529,9714,184,541.306,4527,3626,8580,20,2997.963,4527,3626,8580,295,3021.166,4567,3829,8732,19,3723.912,4567,3829,8732,312,3750.855,3237,2155,9242,15,1362.422,4872,5024,9242,225,1384.901,3642,2506,8799,15,2510.915,5009,4753,8799,254,2535.637
side_lg_3.dat,10000,100,100,1000,1964,666,9747,23,176.352,1964,666,9747,126,181.681,1622,516,9833,13,166.281,1848,699,9833,120,173.917,2826,1023,8542,16,1146.613,2826,1023,8542,196,1159.443,2846,1061,8415,13,1379.295,2846,1061,8415,200,1393.471,2164,698,8585,12,703.179,2566,975,8585,158,716.003,2507,868,8491,13,1106.303,2823,1079,8491,187,1122.417
weight_lg_0.dat,10000,100,100,1000,7466,10000,9554,292,1861.773,7466,10000,9554,404,1868.556,6316,7286,9589,29,2916.292,7382,10000,9589,441,2945.648,6784,10000,5616,405,1769.028,6784,10000,5616,405,1769.047,6082,10000,3954,405,1850.487,6082,10000,3954,405,1850.505,7140,9228,9195,28,6225.52,7560,10000,9195,501,6255.45,7253,9991,8733,29,2784.441,7260,10000,8733,517,2803.85
weight_sm_34.dat,10000,100,100,1000,3086,4744,9802,32,599.567,3086,4744,9802,188,611.171,2808,3388,9485,5,662.955,5151,10000,9485,196,675.724,4410,7589,8727,17,3088.962,4410,7589,8727,302,3111.597,4438,7973,8791,14,4475.931,4438,7973,8791,324,4502.799,3307,4452,9390,6,1411.192,5002,9996,9390,236,1430.299,3739,5658,8807,8,2552.084,5110,9996,8807,274,2576.617
weight_sm_20.dat,10000,100,100,1000,2810,3936,9803,32,358.799,2810,3936,9803,164,368.057,2581,2887,9843,13,375.888,4120,8217,9843,180,390.433,4563,8088,8758,14,3295.829,4567,8157,8758,310,3319.395,4540,8368,8640,13,4908.668,4540,8368,8640,323,4938.121,3090,4353,9252,11,1119.685,4929,10000,9252,224,1138.559,3720,5480,8837,13,2356.291,4966,9999,8837,261,2380.038
weight_sm_18.dat,10000,100,100,1000,2911,4339,9839,38,415.985,2911,4339,9839,172,428.567,2634,2947,9764,14,569.974,4533,9137,9764,181,583.562,4303,6806,8277,21,2834.847,4303,6806,8277,275,2855.509,4329,7481,8234,17,3726.03,4329,7481,8234,300,3750.968,3121,3507,9091,14,1120.662,4894,9358,9091,210,1137.374,3584,4786,8946,15,1952.091,5012,9942,8946,245,1970.95
weight_sm_24.dat,10000,100,100,1000,3197,4901,9715,48,568.881,3197,4901,9715,192,584.109,2715,3114,9511,9,604.538,4499,9376,9511,183,618.804,4511,7505,8783,17,3299.068,4511,7505,8783,292,3319.235,4411,7709,8029,14,3481.383,4411,7709,8029,298,3507.018,3216,4025,8889,13,1221.701,5076,9999,8889,216,1237.682,3816,5400,8713,11,2435.775,5197,9996,8713,259,2456.368
weight_sm_30.dat,10000,100,100,1000,3216,4550,9745,35,507.271,3216,4550,9745,183,517.887,2316,2374,9654,12,614.383,4690,9679,9654,158,627.289,4522,7063,8789,18,3102.259,4522,7063,8789,299,3124.763,4504,7280,8519,17,3696.315,4504,7280,8519,316,3724.564,3082,3687,9628,14,937.327,4940,9298,9628,216,951.265,3672,5003,8610,15,2388.365,5272,10000,8610,260,2409.517
side_lg_7.dat,10000,100,100,1000,1661,489,9758,19,141.674,1661,489,9758,105,145.459,1657,413,9676,16,172.027,1895,602,9676,111,178.305,2708,846,8279,12,1225.511,2708,846,8279,183,1239.013,2627,871,7627,10,1610.827,2627,871,7627,187,1628.819,2259,643,8595,10,750.795,2638,943,8595,160,763.37,2464,707,7901,10,3710.45,2742,964,7901,175,3751.805
weight_lg_4.dat,10000,100,100,1000,7814,10000,9486,272,4338.13,7814,10000,9486,400,4343.276,7393,9134,9707,25,5921.997,7885,10000,9707,501,5950.3,6967,10000,4814,405,2279.124,6967,10000,4814,405,2279.143,6201,10000,3211,403,2141.813,6201,10000,3211,403,2141.83,7901,9992,9454,27,5233.49,7904,10000,9454,525,5359.267,7693,9999,8372,513,2288.114,7693,9999,8372,513,2288.135
uniform_5.dat,10000,100,100,1000,2877,2085,9838,37,356.239,2877,2085,9838,170,365.434,2679,1231,9822,11,343.149,4570,4048,9822,165,350.076,4158,3377,8690,20,2199.737,4158,3377,8690,274,2218.242,4159,3552,8614,15,3197.924,4159,3552,8614,287,3219.642,3045,1828,9475,15,1540.943,4550,4669,9475,202,1554.656,3593,2410,8798,17,2000.999,4649,4457,8798,245,2018.946
weight_lg_32.dat,10000,100,100,1000,7708,10000,9473,278,1740.013,7708,10000,9473,413,1748.304,7112,8646,9642,43,3339.059,7736,10000,9642,489,3367.366,7092,10000,5327,420,1265.815,7092,10000,5327,420,1265.833,6161,10000,3439,412,1028.983,6161,10000,3439,412,1028.999,7490,9563,9142,43,5418.783,7742,9999,9142,512,5454.323,7654,9998,8241,516,2586.463,7654,9998,8241,516,2586.485
weight_lg_26.dat,10000,100,100,1000,7483,9999,9519,262,3530.932,7483,9999,9519,404,3540.545,6854,7411,9732,32,3069.133,7941,10000,9732,445,3090.907,6913,10000,5611,406,1015.125,6913,10000,5611,406,1015.143,6049,10000,3714,398,980.241,6049,10000,3714,398,980.273,7093,8942,9337,30,4274.355,7691,10000,9337,485,4302.436,7382,9985,8599,30,2611.438,7405,10000,8599,503,2627.365
side_sm_4.dat,10000,100,100,1000,1924,1368,9746,23,116.923,1924,1368,9746,107,119.917,1411,723,9520,5,150.85,2295,2063,9520,97,155.423,2919,2340,8689,14,937.671,2919,2340,8689,189,947.601,2765,2324,7612,13,1553.81,2765,2324,7612,189,1568.332,2071,1268,8694,8,464.04,2681,2472,8694,137,472.884,2502,1779,8019,12,1059.861,3144,2868,8019,173,1072.668
weight_sm_7.dat,10000,100,100,1000,3436,5331,9685,39,484.611,3436,5331,9685,209,497.301,2728,3304,9664,13,453.684,4845,9989,9664,179,464.846,4549,7367,8822,20,2468.573,4549,7367,8822,289,2486.923,4527,7909,8539,17,3174.901,4527,7909,8539,311,3197.706,3159,4251,9429,16,925.982,5173,9999,9429,219,941.4,3682,5166,9255,18,1845.233,5440,9994,9255,260,1863.996
uniform_24.dat,10000,100,100,1000,3368,2368,9757,39,458.947,3368,2368,9757,202,470.162,2513,1413,9714,8,471.346,4664,4678,9714,180,482.879,4230,3418,8394,21,2352.116,4230,3418,8394,281,2371.178,4208,3630,8138,15,2994.757,4208,3630,8138,297,3017.342,3251,2024,9024,13,1113.637,4826,4761,9024,228,1129.675,3642,2585,8641,16,1999.877,4871,4514,8641,263,2019.389
uniform_30.dat,10000,100,100,1000,3007,2431,9810,34,329.008,3019,2463,9810,181,338.154,2851,1861,9790,13,414.779,4104,4628,9790,191,426.652,4321,3792,8841,16,2478.746,4321,3792,8841,290,2498.252,4252,3896,8298,12,2936.736,4252,3896,8298,296,2958.011,2986,2190,9289,14,844.996,4065,4620,9289,212,861.333,3488,2595,8715,15,1987.157,4371,4649,8715,241,2004.991
uniform_18.dat,10000,100,100,1000,2867,2063,9831,34,346.415,2867,2063,9831,165,354.233,2385,1232,9719,9,957.862,4435,4456,9719,164,969.108,4340,3567,8784,18,3292.478,4340,3567,8784,290,3313.837,4373,3840,8687,10,3266.288,4373,3840,8687,313,3290.072,3088,2186,9303,8,1756.412,4549,5012,9303,229,1792.256,3594,2750,9105,9,2082.094,5003,4978,9105,272,2103.424
uniform_19.dat,10000,100,100,1000,3297,2350,9674,60,473.043,3297,2350,9674,195,482.867,2875,1598,9809,15,411.502,4675,4824,9809,197,422.072,4655,3859,8933,21,2744.622,4655,3859,8933,308,2763.395,4670,4057,8714,18,5019.584,4670,4057,8714,324,5044.369,3577,2430,9026,18,1439.6,4820,4984,9026,252,1457.602,3894,2764,8623,17,2717.621,4864,4804,8623,272,2736.785
uniform_31.dat,10000,100,100,1000,3151,2345,9721,39,461.542,3151,2345,9721,185,472.107,2586,1433,9598,15,565.886,4943,5176,9598,173,578.709,4422,3724,8555,21,3070.098,4422,3724,8555,297,3090.832,4497,4024,8649,18,4270.725,4497,4024,8649,325,4299.857,3543,2504,9414,15,1680.126,5315,5737,9414,253,1697.726,3928,3032,8693,18,2821.97,4946,4944,8693,284,2844.079
uniform_25.dat,10000,100,100,1000,3601,2409,9714,43,637.223,3601,2409,9714,198,650.463,3088,1911,9780,16,687.891,4402,4625,9780,199,703.686,4811,3805,8964,26,2966.539,4811,3805,8964,304,2985.178,4763,3919,8531,23,3171.343,4763,3919,8531,312,3191.422,3439,2247,9163,16,996.888,4492,4391,9163,227,1012.22,3904,2729,8756,17,2089.764,4969,4569,8756,265,2119.764
weight_sm_6.dat,10000,100,100,1000,3538,5457,9805,38,510.223,3538,5457,9805,220,522.768,2751,3872,9543,10,509.199,4364,9997,9543,204,525.639,4461,7849,8996,21,2748.595,4461,7849,8996,318,2776.177,4413,7979,8497,16,3459.003,4413,7979,8497,323,3483.724,3267,4706,9192,11,1089.648,4725,9984,9192,244,1108.67,3542,5287,8280,12,2031.32,4839,9967,8280,265,2052.56
side_sm_5.dat,10000,100,100,1000,2222,1539,9742,17,150.318,2222,1539,9742,130,155.274,1992,1189,9703,5,157.21,2422,2255,9703,134,162.499,2979,2553,7920,9,1370.981,2979,2553,7920,202,1385.43,3036,2609,8167,7,1513.087,3036,2609,8167,211,1527.115,2517,1702,8717,3,659.9,2938,2733,8717,170,674.386,2549,1728,8789,3,821.612,2917,2666,8789,172,830.484
weight_lg_27.dat,10000,100,100,1000,7489,10000,9270,277,1023.426,7489,10000,9270,393,1028.439,6800,8682,9474,31,2675.393,7272,9999,9474,475,2702.26,6549,10000,4331,392,884.321,6549,10000,4331,392,884.34,5861,10000,2924,393,928.234,5861,10000,2924,393,928.253,7350,9993,9230,34,2629.703,7351,9999,9230,514,2652.699,7060,10000,7458,496,1431.762,7060,10000,7458,496,1431.783
weight_lg_33.dat,10000,100,100,1000,7663,10000,9366,278,1828.491,7663,10000,9366,418,1836.887,7259,8803,9666,31,2879.874,7698,10000,9666,494,2905.783,6882,10000,5018,417,921.547,6882,10000,5018,417,921.565,6009,10000,3218,411,1003.568,6009,10000,3218,411,1003.587,7420,9990,9156,30,3592.987,7428,10000,9156,525,3623.142,7565,9999,8278,516,1405.944,7565,9999,8278,516,1405.962
uniform_4.dat,10000,100,100,1000,3206,2294,9646,65,465.915,3206,2294,9646,185,475.218,3122,1842,9441,15,562.935,4857,5175,9441,211,576.939,4786,3839,9036,26,2659.459,4786,3839,9036,311,2679.075,4716,3942,8598,21,3282.069,4716,3942,8598,322,3304.499,3917,2517,9352,20,1313.327,5062,5005,9352,259,1329.779,4089,2827,8879,19,2210.491,5120,4976,8879,281,2230.053
weight_lg_5.dat,10000,100,100,1000,7524,10000,9242,285,1099.147,7524,10000,9242,392,1104.379,6640,7396,9602,29,2646.307,7683,9999,9602,442,2670.105,6239,10000,3398,378,765.648,6239,10000,3398,378,765.664,5745,10000,2555,387,853.01,5745,10000,2555,387,853.025,7602,9994,9159,31,2513.65,7604,9999,9159,512,2535.637,7104,9999,6854,488,1207.103,7104,9999,6854,488,1207.122
side_lg_6.dat,10000,100,100,1000,1556,525,9742,18,133.404,1556,525,9742,101,152.15,1653,505,9584,7,649.224,2159,894,9584,120,659.02,2543,925,8337,10,1450.623,2543,925,8337,175,1464.806,2520,990,8092,9,1496.0,2520,990,8092,185,1509.49,1829,536,8788,8,472.239,2379,992,8788,134,480.573,2294,793,8751,10,836.194,2600,1063,8751,173,847.7
weight_sm_31.dat,10000,100,100,1000,3610,5492,9761,34,485.447,3610,5492,9761,222,498.585,2808,2949,9801,14,374.943,4377,8351,9801,189,384.092,4640,7413,8721,20,2873.73,4640,7413,8721,309,2894.249,4661,7739,8619,17,3429.891,4661,7739,8619,325,3456.873,3285,4021,9369,15,1038.115,5057,10000,9369,229,1053.604,3868,5395,8906,13,2127.693,5355,9998,8906,277,2146.973
weight_sm_25.dat,10000,100,100,1000,3272,4435,9833,34,352.079,3272,4435,9833,178,359.205,2510,3175,9859,10,336.088,4339,9097,9859,170,346.315,4631,7780,8791,15,2645.926,4631,7780,8791,303,2665.64,4670,7983,8762,14,3314.973,4670,7983,8762,318,3338.958,2917,3955,9166,10,946.043,4949,10000,9166,209,961.269,3667,5422,8918,11,1975.734,5017,10000,8918,264,1995.863
weight_sm_19.dat,10000,100,100,1000,3451,5480,9808,43,440.893,3451,5480,9808,209,453.12,3068,4071,9728,15,492.008,5041,9997,9728,212,506.703,4598,7890,8708,25,2861.541,4598,7890,8708,309,2885.545,4623,8219,8674,23,3422.42,4623,8219,8674,322,3446.599,3463,4924,9195,18,1147.815,4872,9995,9195,244,1166.953,3708,5570,8917,18,2093.403,4859,9988,8917,267,2115.012
weight_sm_33.dat,10000,100,100,1000,3249,4940,9824,38,441.348,3249,4940,9824,205,454.385,3053,3511,9409,13,609.282,5010,10000,9409,212,623.719,4537,7702,8547,21,2693.38,4537,7702,8547,311,2715.27,4515,8005,8324,17,3354.572,4515,8005,8324,323,3379.454,3389,4729,9512,12,1079.086,4879,10000,9512,249,1096.325,3653,5314,8988,12,2101.753,4914,10000,8988,269,2122.414
weight_sm_27.dat,10000,100,100,1000,3257,5062,9641,39,717.212,3257,5062,9641,201,737.306,3318,4703,9741,18,655.693,5174,10000,9741,238,673.862,4726,8175,8794,20,2990.939,4726,8175,8794,317,3015.373,4598,8286,8106,16,4160.827,4598,8286,8106,327,4188.958,3316,4317,9236,18,1134.144,5281,9999,9236,232,1153.92,3890,5754,8866,17,3006.473,5340,10000,8866,280,3028.865
side_lg_4.dat,10000,100,100,1000,1917,604,9748,19,154.517,1917,604,9748,119,159.543,1839,479,9366,7,291.787,2260,875,9366,125,298.721,2724,948,8540,11,930.293,2724,948,8540,184,940.092,2709,1012,8322,9,1349.556,2709,1012,8322,200,1362.93,2262,628,8989,10,479.099,2653,1006,8989,153,486.598,2508,799,8453,8,992.299,2807,1073,8453,181,1004.657
weight_lg_7.dat,10000,100,100,1000,7361,10000,9426,270,1637.316,7361,10000,9426,401,1645.289,6769,9030,9673,23,2719.392,7216,9999,9673,474,2747.933,6750,10000,5690,401,887.852,6750,10000,5690,401,887.873,5847,10000,3653,393,1002.247,5847,10000,3653,393,1002.265,6910,9254,8982,24,5138.086,7226,10000,8982,479,5168.731,7245,9996,8655,57,1973.299,7247,10000,8655,501,1985.086
uniform_6.dat,10000,100,100,1000,3166,2227,9685,34,514.929,3166,2227,9685,192,526.531,2875,1589,9778,13,468.167,4876,4710,9778,194,478.895,4565,3660,9256,16,2787.15,4565,3660,9256,304,2812.994,4435,3808,8387,13,3562.882,4435,3808,8387,312,3586.442,3387,2118,9379,10,1515.82,5255,5391,9379,234,1532.036,3776,2725,8531,12,2655.27,5058,5023,8531,271,2685.626
weight_lg_19.dat,10000,100,100,1000,7661,10000,9572,274,2194.557,7661,10000,9572,420,2202.895,6652,7855,9488,28,3483.493,7429,9999,9488,458,3510.012,7179,10000,6689,416,1039.261,7179,10000,6689,416,1039.28,6302,10000,4420,416,1428.217,6302,10000,4420,416,1428.246,7294,9575,9246,32,5784.021,7386,9994,9246,507,5813.248,7431,9988,8818,29,2033.729,7434,9999,8818,516,2046.971
weight_lg_25.dat,10000,100,100,1000,7638,10000,9539,293,1399.806,7638,10000,9539,412,1406.146,7416,8773,9678,33,3278.265,7758,10000,9678,488,3363.606,6851,10000,5124,415,1087.354,6851,10000,5124,415,1087.386,6223,10000,3650,416,1515.261,6223,10000,3650,416,1515.279,7661,9943,9361,33,5409.746,7678,9999,9361,523,5453.643,7571,9997,8544,513,1779.616,7571,9997,8544,519,1779.988
weight_lg_31.dat,10000,100,100,1000,7874,10000,9390,297,1424.195,7874,10000,9390,413,1431.502,7564,9994,9588,37,3318.931,7566,10000,9588,530,3354.459,7179,10000,5261,417,1105.671,7179,10000,5261,417,1105.689,6290,10000,3251,419,1432.381,6290,10000,3251,419,1432.441,7806,9995,9134,42,3411.909,7807,9999,9134,534,3440.039,7685,10000,8256,529,1593.36,7685,10000,8256,529,1593.379
side_sm_7.dat,10000,100,100,1000,1952,1489,9802,17,145.603,1952,1489,9802,127,151.353,1245,730,9741,3,82.561,1697,1518,9741,87,85.699,2874,2296,8162,11,1144.429,2874,2296,8162,196,1157.217,2883,2458,8344,9,1318.269,2883,2458,8344,205,1331.102,2073,1256,9022,6,479.902,2715,2620,9022,141,486.555,2539,1795,8293,10,1197.116,3003,2704,8293,181,1209.465
weight_sm_4.dat,10000,100,100,1000,3002,4784,9770,51,382.687,3002,4784,9770,174,390.284,2587,3007,9782,8,411.508,4552,9372,9782,181,422.228,4401,7440,8968,19,2744.66,4401,7440,8968,298,2763.991,4302,7762,8137,13,3667.719,4302,7762,8137,313,3692.378,3197,4167,9452,9,1270.227,5025,10000,9452,224,1285.393,3613,5403,8838,9,2034.501,5173,10000,8838,269,2053.794
uniform_33.dat,10000,100,100,1000,3223,2268,9673,37,450.16,3223,2268,9673,187,459.76,3080,1959,9485,10,565.035,4450,4632,9485,215,580.275,4212,3425,8837,23,2428.229,4212,3425,8837,284,2447.407,4176,3558,8483,18,2905.435,4176,3558,8483,295,2926.935,3372,2027,9215,12,1206.588,4936,4914,9215,231,1222.425,3730,2620,9024,12,2610.458,5017,4928,9024,265,2630.668
uniform_27.dat,10000,100,100,1000,3308,2575,9800,49,457.118,3308,2575,9800,201,468.814,2533,1667,9812,22,460.542,4488,5034,9812,183,472.774,4296,3757,8669,14,2679.644,4296,3757,8669,290,2699.193,4243,3826,8341,13,4318.534,4243,3826,8341,301,4340.49,3043,2015,9407,12,995.08,4756,5010,9407,215,1011.54,3555,2607,8734,13,2180.07,4979,5069,8734,257,2204.647
uniform_26.dat,10000,100,100,1000,3117,2297,9718,55,446.103,3117,2297,9718,181,455.655,2947,1775,9733,17,497.425,5158,5259,9733,200,508.267,4560,3908,8639,21,2747.014,4560,3908,8639,310,2767.553,4539,4115,8423,19,3416.05,4539,4115,8423,326,3439.313,3316,2215,9250,16,1103.644,5483,5703,9250,231,1117.89,3961,3093,8799,19,2376.869,5308,5169,8799,291,2397.342
uniform_32.dat,10000,100,100,1000,3231,2132,9625,42,544.038,3231,2132,9625,186,554.322,2761,1500,9714,20,780.963,4085,3942,9714,187,798.956,4293,3489,8639,30,3811.788,4293,3489,8639,290,3835.293,4300,3735,8607,27,3166.546,4300,3735,8607,311,3190.378,3057,1776,9521,20,898.18,4482,4393,9521,212,912.217,3514,2473,8872,23,2017.083,4442,4390,8872,252,2037.238
weight_sm_5.dat,10000,100,100,1000,3208,5135,9716,38,482.325,3208,5135,9716,197,494.514,2559,3943,9787,5,480.802,4446,10000,9787,193,495.664,4470,8089,8791,16,3111.415,4470,8089,8791,312,3134.093,4485,8480,8707,15,3525.31,4485,8480,8707,326,3550.529,3091,4589,9286,6,972.649,4879,10000,9286,228,989.523,3668,6025,9237,11,2159.461,4906,9999,9237,277,2181.95
side_sm_6.dat,10000,100,100,1000,2078,1487,9793,19,177.522,2078,1487,9793,124,183.405,1560,872,9869,7,117.028,2150,1733,9869,107,119.939,3025,2398,8406,13,1209.871,3025,2398,8406,203,1222.935,3029,2589,8312,12,1744.657,3029,2589,8312,216,1759.887,2203,1318,9155,7,423.38,2951,2595,9155,154,430.808,2684,1965,7978,12,1236.371,3006,2595,7978,192,1251.615
weight_lg_30.dat,10000,100,100,1000,7877,10000,9500,301,1851.235,7877,10000,9500,416,1858.123,7023,7370,9750,26,3097.03,8027,9999,9750,449,3120.147,7157,10000,5223,416,1010.056,7157,10000,5223,416,1010.075,6482,10000,3716,417,1085.103,6482,10000,3716,417,1085.123,7847,9815,9548,28,4732.539,7953,9999,9548,523,4761.667,7805,9996,8389,27,1585.876,7812,10000,8389,519,1597.939
weight_lg_24.dat,10000,100,100,1000,7671,10000,9330,279,1196.792,7671,10000,9330,404,1202.933,6988,8845,9582,32,2449.706,7519,10000,9582,488,2477.625,6557,10000,4114,405,866.769,6557,10000,4114,405,866.788,5912,10000,2912,399,967.741,5912,10000,2912,399,967.759,7604,9997,9153,36,4134.917,7605,10000,9153,520,4171.36,7292,10000,7393,501,1589.097,7292,10000,7393,501,1589.118
weight_lg_18.dat,10000,100,100,1000,7392,10000,9352,270,1012.559,7392,10000,9352,387,1017.57,6660,8439,9515,26,2638.911,7356,10000,9515,459,2664.571,6483,10000,4667,385,789.938,6483,10000,4667,385,789.954,5856,10000,3266,389,867.154,5856,10000,3266,389,867.172,7227,9999,9521,28,3723.675,7227,9999,9521,509,3753.652,7178,9999,8438,30,2234.633,7178,9999,8438,497,2251.409
uniform_7.dat,10000,100,100,1000,3272,2322,9577,41,952.74,3272,2322,9577,179,967.186,2747,1458,9731,19,669.348,4167,4162,9731,173,680.787,4424,3801,9017,27,3625.211,4424,3801,9017,285,3653.25,4362,4029,8352,23,5285.72,4362,4029,8352,305,5326.91,3176,2043,9086,20,1761.478,4759,4809,9086,211,1787.626,3682,2771,8860,20,3746.542,5233,5479,8860,256,3810.853
weight_lg_6.dat,10000,100,100,1000,7691,10000,9378,328,1929.037,7691,10000,9378,389,1933.785,7588,8827,9690,40,6411.238,7948,10000,9690,490,6460.1,6933,10000,4382,406,1619.274,6933,10000,4382,406,1619.303,6382,10000,3275,410,1947.408,6382,10000,3275,410,1947.437,8045,9994,9109,41,2989.824,8046,9999,9109,520,3014.563,7440,9999,6686,498,2455.663,7440,9999,6686,498,2455.696
side_lg_5.dat,10000,100,100,1000,1743,547,9737,13,289.567,1743,547,9737,107,296.921,1615,418,9772,4,229.383,1784,605,9772,108,237.113,2579,860,8262,3,1856.602,2579,860,8262,178,1881.106,2520,901,7789,3,2383.115,2520,901,7789,185,2407.229,2120,585,8837,4,722.707,2609,979,8837,150,731.347,2319,721,8063,2,1631.038,2671,1023,8063,172,1647.546
weight_sm_26.dat,10000,100,100,1000,3409,5024,9771,36,741.683,3409,5024,9771,206,757.426,2978,3574,9676,12,733.442,5064,10000,9676,211,754.307,4501,7521,8759,18,3958.746,4501,7521,8759,301,3991.919,4446,7898,8400,14,5544.506,4446,7898,8400,319,5579.346,3250,4079,9246,15,1554.836,5112,10000,9246,234,1583.682,3719,5471,8765,14,3130.794,5172,9999,8765,273,3157.94
weight_sm_32.dat,10000,100,100,1000,3550,5264,9784,40,773.946,3550,5264,9784,215,793.622,2702,3560,9793,13,697.715,4914,9699,9793,195,717.37,4398,7301,8619,24,3630.64,4398,7301,8619,294,3665.211,4368,7564,8279,22,5202.514,4368,7564,8279,309,5235.866,3097,4190,9503,13,1224.543,4997,9999,9503,224,1248.143,3453,5196,9107,14,2616.427,4903,9996,9107,255,2651.106
